Scenario_ID,AttackTree_ID,AttackTree_Key,Step_num,Technique_ID,Asset,Pi,Ci,di,Mi,Qi,Qhat_cur,R_cur,Qhat_worst,R_worst,Qhat_full,R_full
A,1,A-001,1,T1078.004,Management Console for Business Server OnCloud,0.72,2.0,5,0.1,0.072,0.144,0.144,1.0,1.0,0.144,0.144
A,1,A-001,2,T1021.007,Update server OnCloud,0.36,1.5,5,0.1,0.036,0.05399999999999999,0.007775999999999998,0.486,0.486,0.05399999999999999,0.007775999999999998
A,1,A-001,3,T1484.002,Business Server OnCloud,0.36,2.0,5,0.1,0.036,0.072,0.0005598719999999998,0.648,0.314928,0.072,0.0005598719999999998
A,1,A-001,4,T1486,Proxy server OnCloud,0.9,2.0,5,0.1,0.09000000000000001,0.18000000000000002,0.00010077695999999997,1.0,0.314928,0.18000000000000002,0.00010077695999999997
A,2,A-002,1,T1078.004,Management Console for Business Server OnCloud,0.72,2.0,5,0.1,0.072,0.144,0.144,1.0,1.0,0.144,0.144
A,2,A-002,2,T1021.007,Update server OnCloud,0.36,1.5,5,0.1,0.036,0.05399999999999999,0.007775999999999998,0.486,0.486,0.05399999999999999,0.007775999999999998
A,2,A-002,3,T1484.002,Business Server OnCloud,0.36,2.0,5,0.1,0.036,0.072,0.0005598719999999998,0.648,0.314928,0.072,0.0005598719999999998
A,2,A-002,4,T1496.001,Proxy server OnCloud,0.72,2.0,4,0.27999999999999997,0.20159999999999997,0.40319999999999995,0.0002257403903999999,1.0,0.314928,0.144,8.062156799999997e-05
A,3,A-003,1,T1078.004,Management Console for Business Server OnCloud,0.72,2.0,5,0.1,0.072,0.144,0.144,1.0,1.0,0.144,0.144
A,3,A-003,2,T1021.007,Update server OnCloud,0.36,1.5,5,0.1,0.036,0.05399999999999999,0.007775999999999998,0.486,0.486,0.05399999999999999,0.007775999999999998
A,3,A-003,3,T1484.002,Business Server OnCloud,0.36,2.0,5,0.1,0.036,0.072,0.0005598719999999998,0.648,0.314928,0.072,0.0005598719999999998
A,3,A-003,4,T1496.002,Proxy server OnCloud,0.18,2.0,4,0.27999999999999997,0.05039999999999999,0.10079999999999999,5.643509759999997e-05,0.324,0.102036672,0.036,2.015539199999999e-05
A,4,A-004,1,T1078.004,Management Console for Business Server OnCloud,0.72,2.0,5,0.1,0.072,0.144,0.144,1.0,1.0,0.144,0.144
A,4,A-004,2,T1021.007,Update server OnCloud,0.36,1.5,5,0.1,0.036,0.05399999999999999,0.007775999999999998,0.486,0.486,0.05399999999999999,0.007775999999999998
A,4,A-004,3,T1484.002,Business Server OnCloud,0.36,2.0,5,0.1,0.036,0.072,0.0005598719999999998,0.648,0.314928,0.072,0.0005598719999999998
A,4,A-004,4,T1496.004,Proxy server OnCloud,0.18,2.0,4,0.27999999999999997,0.05039999999999999,0.10079999999999999,5.643509759999997e-05,0.324,0.102036672,0.036,2.015539199999999e-05
A,5,A-005,1,T1078.004,Management Console for Business Server OnCloud,0.72,2.0,5,0.1,0.072,0.144,0.144,1.0,1.0,0.144,0.144
A,5,A-005,2,T1021.007,Update server OnCloud,0.36,1.5,5,0.1,0.036,0.05399999999999999,0.007775999999999998,0.486,0.486,0.05399999999999999,0.007775999999999998
A,5,A-005,3,T1059.009,Business Server OnCloud,0.36,2.0,5,0.1,0.036,0.072,0.0005598719999999998,0.648,0.314928,0.072,0.0005598719999999998
A,5,A-005,4,T1486,Proxy server OnCloud,0.9,2.0,5,0.1,0.09000000000000001,0.18000000000000002,0.00010077695999999997,1.0,0.314928,0.18000000000000002,0.00010077695999999997
A,6,A-006,1,T1078.004,Management Console for Business Server OnCloud,0.72,2.0,5,0.1,0.072,0.144,0.144,1.0,1.0,0.144,0.144
A,6,A-006,2,T1021.007,Update server OnCloud,0.36,1.5,5,0.1,0.036,0.05399999999999999,0.007775999999999998,0.486,0.486,0.05399999999999999,0.007775999999999998
A,6,A-006,3,T1059.009,Business Server OnCloud,0.36,2.0,5,0.1,0.036,0.072,0.0005598719999999998,0.648,0.314928,0.072,0.0005598719999999998
A,6,A-006,4,T1496.001,Proxy server OnCloud,0.72,2.0,4,0.27999999999999997,0.20159999999999997,0.40319999999999995,0.0002257403903999999,1.0,0.314928,0.144,8.062156799999997e-05
A,7,A-007,1,T1078.004,Management Console for Business Server OnCloud,0.72,2.0,5,0.1,0.072,0.144,0.144,1.0,1.0,0.144,0.144
A,7,A-007,2,T1021.007,Update server OnCloud,0.36,1.5,5,0.1,0.036,0.05399999999999999,0.007775999999999998,0.486,0.486,0.05399999999999999,0.007775999999999998
A,7,A-007,3,T1059.009,Business Server OnCloud,0.36,2.0,5,0.1,0.036,0.072,0.0005598719999999998,0.648,0.314928,0.072,0.0005598719999999998
A,7,A-007,4,T1496.002,Proxy server OnCloud,0.18,2.0,4,0.27999999999999997,0.05039999999999999,0.10079999999999999,5.643509759999997e-05,0.324,0.102036672,0.036,2.015539199999999e-05
A,8,A-008,1,T1078.004,Management Console for Business Server OnCloud,0.72,2.0,5,0.1,0.072,0.144,0.144,1.0,1.0,0.144,0.144
A,8,A-008,2,T1021.007,Update server OnCloud,0.36,1.5,5,0.1,0.036,0.05399999999999999,0.007775999999999998,0.486,0.486,0.05399999999999999,0.007775999999999998
A,8,A-008,3,T1059.009,Business Server OnCloud,0.36,2.0,5,0.1,0.036,0.072,0.0005598719999999998,0.648,0.314928,0.072,0.0005598719999999998
A,8,A-008,4,T1496.004,Proxy server OnCloud,0.18,2.0,4,0.27999999999999997,0.05039999999999999,0.10079999999999999,5.643509759999997e-05,0.324,0.102036672,0.036,2.015539199999999e-05
A,9,A-009,1,T1078.004,Management Console for Business Server OnCloud,0.72,2.0,5,0.1,0.072,0.144,0.144,1.0,1.0,0.144,0.144
A,9,A-009,2,T1021.007,Update server OnCloud,0.36,1.5,5,0.1,0.036,0.05399999999999999,0.007775999999999998,0.486,0.486,0.05399999999999999,0.007775999999999998
A,9,A-009,3,T1651,Business Server OnCloud,0.36,2.0,5,0.1,0.036,0.072,0.0005598719999999998,0.648,0.314928,0.072,0.0005598719999999998
A,9,A-009,4,T1486,Proxy server OnCloud,0.9,2.0,5,0.1,0.09000000000000001,0.18000000000000002,0.00010077695999999997,1.0,0.314928,0.18000000000000002,0.00010077695999999997
A,10,A-010,1,T1078.004,Management Console for Business Server OnCloud,0.72,2.0,5,0.1,0.072,0.144,0.144,1.0,1.0,0.144,0.144
A,10,A-010,2,T1021.007,Update server OnCloud,0.36,1.5,5,0.1,0.036,0.05399999999999999,0.007775999999999998,0.486,0.486,0.05399999999999999,0.007775999999999998
A,10,A-010,3,T1651,Business Server OnCloud,0.36,2.0,5,0.1,0.036,0.072,0.0005598719999999998,0.648,0.314928,0.072,0.0005598719999999998
A,10,A-010,4,T1496.001,Proxy server OnCloud,0.72,2.0,4,0.27999999999999997,0.20159999999999997,0.40319999999999995,0.0002257403903999999,1.0,0.314928,0.144,8.062156799999997e-05
A,11,A-011,1,T1078.004,Management Console for Business Server OnCloud,0.72,2.0,5,0.1,0.072,0.144,0.144,1.0,1.0,0.144,0.144
A,11,A-011,2,T1021.007,Update server OnCloud,0.36,1.5,5,0.1,0.036,0.05399999999999999,0.007775999999999998,0.486,0.486,0.05399999999999999,0.007775999999999998
A,11,A-011,3,T1651,Business Server OnCloud,0.36,2.0,5,0.1,0.036,0.072,0.0005598719999999998,0.648,0.314928,0.072,0.0005598719999999998
A,11,A-011,4,T1496.002,Proxy server OnCloud,0.18,2.0,4,0.27999999999999997,0.05039999999999999,0.10079999999999999,5.643509759999997e-05,0.324,0.102036672,0.036,2.015539199999999e-05
A,12,A-012,1,T1078.004,Management Console for Business Server OnCloud,0.72,2.0,5,0.1,0.072,0.144,0.144,1.0,1.0,0.144,0.144
A,12,A-012,2,T1021.007,Update server OnCloud,0.36,1.5,5,0.1,0.036,0.05399999999999999,0.007775999999999998,0.486,0.486,0.05399999999999999,0.007775999999999998
A,12,A-012,3,T1651,Business Server OnCloud,0.36,2.0,5,0.1,0.036,0.072,0.0005598719999999998,0.648,0.314928,0.072,0.0005598719999999998
A,12,A-012,4,T1496.004,Proxy server OnCloud,0.18,2.0,4,0.27999999999999997,0.05039999999999999,0.10079999999999999,5.643509759999997e-05,0.324,0.102036672,0.036,2.015539199999999e-05
A,13,A-013,1,T1078.004,Management Console for Business Server OnCloud,0.72,2.0,5,0.1,0.072,0.144,0.144,1.0,1.0,0.144,0.144
A,13,A-013,2,T1021.007,Update server OnCloud,0.36,1.5,5,0.1,0.036,0.05399999999999999,0.007775999999999998,0.486,0.486,0.05399999999999999,0.007775999999999998
A,13,A-013,3,T1555.006,Business Server OnCloud,0.36,2.0,5,0.1,0.036,0.072,0.0005598719999999998,0.648,0.314928,0.072,0.0005598719999999998
A,13,A-013,4,T1486,Proxy server OnCloud,0.9,2.0,5,0.1,0.09000000000000001,0.18000000000000002,0.00010077695999999997,1.0,0.314928,0.18000000000000002,0.00010077695999999997
A,14,A-014,1,T1078.004,Management Console for Business Server OnCloud,0.72,2.0,5,0.1,0.072,0.144,0.144,1.0,1.0,0.144,0.144
A,14,A-014,2,T1021.007,Update server OnCloud,0.36,1.5,5,0.1,0.036,0.05399999999999999,0.007775999999999998,0.486,0.486,0.05399999999999999,0.007775999999999998
A,14,A-014,3,T1555.006,Business Server OnCloud,0.36,2.0,5,0.1,0.036,0.072,0.0005598719999999998,0.648,0.314928,0.072,0.0005598719999999998
A,14,A-014,4,T1496.001,Proxy server OnCloud,0.72,2.0,4,0.27999999999999997,0.20159999999999997,0.40319999999999995,0.0002257403903999999,1.0,0.314928,0.144,8.062156799999997e-05
A,15,A-015,1,T1078.004,Management Console for Business Server OnCloud,0.72,2.0,5,0.1,0.072,0.144,0.144,1.0,1.0,0.144,0.144
A,15,A-015,2,T1021.007,Update server OnCloud,0.36,1.5,5,0.1,0.036,0.05399999999999999,0.007775999999999998,0.486,0.486,0.05399999999999999,0.007775999999999998
A,15,A-015,3,T1555.006,Business Server OnCloud,0.36,2.0,5,0.1,0.036,0.072,0.0005598719999999998,0.648,0.314928,0.072,0.0005598719999999998
A,15,A-015,4,T1496.002,Proxy server OnCloud,0.18,2.0,4,0.27999999999999997,0.05039999999999999,0.10079999999999999,5.643509759999997e-05,0.324,0.102036672,0.036,2.015539199999999e-05
A,16,A-016,1,T1078.004,Management Console for Business Server OnCloud,0.72,2.0,5,0.1,0.072,0.144,0.144,1.0,1.0,0.144,0.144
A,16,A-016,2,T1021.007,Update server OnCloud,0.36,1.5,5,0.1,0.036,0.05399999999999999,0.007775999999999998,0.486,0.486,0.05399999999999999,0.007775999999999998
A,16,A-016,3,T1555.006,Business Server OnCloud,0.36,2.0,5,0.1,0.036,0.072,0.0005598719999999998,0.648,0.314928,0.072,0.0005598719999999998
A,16,A-016,4,T1496.004,Proxy server OnCloud,0.18,2.0,4,0.27999999999999997,0.05039999999999999,0.10079999999999999,5.643509759999997e-05,0.324,0.102036672,0.036,2.015539199999999e-05
A,17,A-017,1,T1078.004,Management Console for Business Server OnCloud,0.72,2.0,5,0.1,0.072,0.144,0.144,1.0,1.0,0.144,0.144
A,17,A-017,2,T1484.002,Update server OnCloud,0.36,1.5,5,0.1,0.036,0.05399999999999999,0.007775999999999998,0.486,0.486,0.05399999999999999,0.007775999999999998
A,17,A-017,3,T1484.002,Business Server OnCloud,0.36,2.0,5,0.1,0.036,0.072,0.0005598719999999998,0.648,0.314928,0.072,0.0005598719999999998
A,17,A-017,4,T1486,Proxy server OnCloud,0.9,2.0,5,0.1,0.09000000000000001,0.18000000000000002,0.00010077695999999997,1.0,0.314928,0.18000000000000002,0.00010077695999999997
A,18,A-018,1,T1078.004,Management Console for Business Server OnCloud,0.72,2.0,5,0.1,0.072,0.144,0.144,1.0,1.0,0.144,0.144
A,18,A-018,2,T1484.002,Update server OnCloud,0.36,1.5,5,0.1,0.036,0.05399999999999999,0.007775999999999998,0.486,0.486,0.05399999999999999,0.007775999999999998
A,18,A-018,3,T1484.002,Business Server OnCloud,0.36,2.0,5,0.1,0.036,0.072,0.0005598719999999998,0.648,0.314928,0.072,0.0005598719999999998
A,18,A-018,4,T1496.001,Proxy server OnCloud,0.72,2.0,4,0.27999999999999997,0.20159999999999997,0.40319999999999995,0.0002257403903999999,1.0,0.314928,0.144,8.062156799999997e-05
A,19,A-019,1,T1078.004,Management Console for Business Server OnCloud,0.72,2.0,5,0.1,0.072,0.144,0.144,1.0,1.0,0.144,0.144
A,19,A-019,2,T1484.002,Update server OnCloud,0.36,1.5,5,0.1,0.036,0.05399999999999999,0.007775999999999998,0.486,0.486,0.05399999999999999,0.007775999999999998
A,19,A-019,3,T1484.002,Business Server OnCloud,0.36,2.0,5,0.1,0.036,0.072,0.0005598719999999998,0.648,0.314928,0.072,0.0005598719999999998
A,19,A-019,4,T1496.002,Proxy server OnCloud,0.18,2.0,4,0.27999999999999997,0.05039999999999999,0.10079999999999999,5.643509759999997e-05,0.324,0.102036672,0.036,2.015539199999999e-05
A,20,A-020,1,T1078.004,Management Console for Business Server OnCloud,0.72,2.0,5,0.1,0.072,0.144,0.144,1.0,1.0,0.144,0.144
A,20,A-020,2,T1484.002,Update server OnCloud,0.36,1.5,5,0.1,0.036,0.05399999999999999,0.007775999999999998,0.486,0.486,0.05399999999999999,0.007775999999999998
A,20,A-020,3,T1484.002,Business Server OnCloud,0.36,2.0,5,0.1,0.036,0.072,0.0005598719999999998,0.648,0.314928,0.072,0.0005598719999999998
A,20,A-020,4,T1496.004,Proxy server OnCloud,0.18,2.0,4,0.27999999999999997,0.05039999999999999,0.10079999999999999,5.643509759999997e-05,0.324,0.102036672,0.036,2.015539199999999e-05
A,21,A-021,1,T1078.004,Management Console for Business Server OnCloud,0.72,2.0,5,0.1,0.072,0.144,0.144,1.0,1.0,0.144,0.144
A,21,A-021,2,T1484.002,Update server OnCloud,0.36,1.5,5,0.1,0.036,0.05399999999999999,0.007775999999999998,0.486,0.486,0.05399999999999999,0.007775999999999998
A,21,A-021,3,T1059.009,Business Server OnCloud,0.36,2.0,5,0.1,0.036,0.072,0.0005598719999999998,0.648,0.314928,0.072,0.0005598719999999998
A,21,A-021,4,T1486,Proxy server OnCloud,0.9,2.0,5,0.1,0.09000000000000001,0.18000000000000002,0.00010077695999999997,1.0,0.314928,0.18000000000000002,0.00010077695999999997
A,22,A-022,1,T1078.004,Management Console for Business Server OnCloud,0.72,2.0,5,0.1,0.072,0.144,0.144,1.0,1.0,0.144,0.144
A,22,A-022,2,T1484.002,Update server OnCloud,0.36,1.5,5,0.1,0.036,0.05399999999999999,0.007775999999999998,0.486,0.486,0.05399999999999999,0.007775999999999998
A,22,A-022,3,T1059.009,Business Server OnCloud,0.36,2.0,5,0.1,0.036,0.072,0.0005598719999999998,0.648,0.314928,0.072,0.0005598719999999998
A,22,A-022,4,T1496.001,Proxy server OnCloud,0.72,2.0,4,0.27999999999999997,0.20159999999999997,0.40319999999999995,0.0002257403903999999,1.0,0.314928,0.144,8.062156799999997e-05
A,23,A-023,1,T1078.004,Management Console for Business Server OnCloud,0.72,2.0,5,0.1,0.072,0.144,0.144,1.0,1.0,0.144,0.144
A,23,A-023,2,T1484.002,Update server OnCloud,0.36,1.5,5,0.1,0.036,0.05399999999999999,0.007775999999999998,0.486,0.486,0.05399999999999999,0.007775999999999998
A,23,A-023,3,T1059.009,Business Server OnCloud,0.36,2.0,5,0.1,0.036,0.072,0.0005598719999999998,0.648,0.314928,0.072,0.0005598719999999998
A,23,A-023,4,T1496.002,Proxy server OnCloud,0.18,2.0,4,0.27999999999999997,0.05039999999999999,0.10079999999999999,5.643509759999997e-05,0.324,0.102036672,0.036,2.015539199999999e-05
A,24,A-024,1,T1078.004,Management Console for Business Server OnCloud,0.72,2.0,5,0.1,0.072,0.144,0.144,1.0,1.0,0.144,0.144
A,24,A-024,2,T1484.002,Update server OnCloud,0.36,1.5,5,0.1,0.036,0.05399999999999999,0.007775999999999998,0.486,0.486,0.05399999999999999,0.007775999999999998
A,24,A-024,3,T1059.009,Business Server OnCloud,0.36,2.0,5,0.1,0.036,0.072,0.0005598719999999998,0.648,0.314928,0.072,0.0005598719999999998
A,24,A-024,4,T1496.004,Proxy server OnCloud,0.18,2.0,4,0.27999999999999997,0.05039999999999999,0.10079999999999999,5.643509759999997e-05,0.324,0.102036672,0.036,2.015539199999999e-05
A,25,A-025,1,T1078.004,Management Console for Business Server OnCloud,0.72,2.0,5,0.1,0.072,0.144,0.144,1.0,1.0,0.144,0.144
A,25,A-025,2,T1484.002,Update server OnCloud,0.36,1.5,5,0.1,0.036,0.05399999999999999,0.007775999999999998,0.486,0.486,0.05399999999999999,0.007775999999999998
A,25,A-025,3,T1651,Business Server OnCloud,0.36,2.0,5,0.1,0.036,0.072,0.0005598719999999998,0.648,0.314928,0.072,0.0005598719999999998
A,25,A-025,4,T1486,Proxy server OnCloud,0.9,2.0,5,0.1,0.09000000000000001,0.18000000000000002,0.00010077695999999997,1.0,0.314928,0.18000000000000002,0.00010077695999999997
A,26,A-026,1,T1078.004,Management Console for Business Server OnCloud,0.72,2.0,5,0.1,0.072,0.144,0.144,1.0,1.0,0.144,0.144
A,26,A-026,2,T1484.002,Update server OnCloud,0.36,1.5,5,0.1,0.036,0.05399999999999999,0.007775999999999998,0.486,0.486,0.05399999999999999,0.007775999999999998
A,26,A-026,3,T1651,Business Server OnCloud,0.36,2.0,5,0.1,0.036,0.072,0.0005598719999999998,0.648,0.314928,0.072,0.0005598719999999998
A,26,A-026,4,T1496.001,Proxy server OnCloud,0.72,2.0,4,0.27999999999999997,0.20159999999999997,0.40319999999999995,0.0002257403903999999,1.0,0.314928,0.144,8.062156799999997e-05
A,27,A-027,1,T1078.004,Management Console for Business Server OnCloud,0.72,2.0,5,0.1,0.072,0.144,0.144,1.0,1.0,0.144,0.144
A,27,A-027,2,T1484.002,Update server OnCloud,0.36,1.5,5,0.1,0.036,0.05399999999999999,0.007775999999999998,0.486,0.486,0.05399999999999999,0.007775999999999998
A,27,A-027,3,T1651,Business Server OnCloud,0.36,2.0,5,0.1,0.036,0.072,0.0005598719999999998,0.648,0.314928,0.072,0.0005598719999999998
A,27,A-027,4,T1496.002,Proxy server OnCloud,0.18,2.0,4,0.27999999999999997,0.05039999999999999,0.10079999999999999,5.643509759999997e-05,0.324,0.102036672,0.036,2.015539199999999e-05
A,28,A-028,1,T1078.004,Management Console for Business Server OnCloud,0.72,2.0,5,0.1,0.072,0.144,0.144,1.0,1.0,0.144,0.144
A,28,A-028,2,T1484.002,Update server OnCloud,0.36,1.5,5,0.1,0.036,0.05399999999999999,0.007775999999999998,0.486,0.486,0.05399999999999999,0.007775999999999998
A,28,A-028,3,T1651,Business Server OnCloud,0.36,2.0,5,0.1,0.036,0.072,0.0005598719999999998,0.648,0.314928,0.072,0.0005598719999999998
A,28,A-028,4,T1496.004,Proxy server OnCloud,0.18,2.0,4,0.27999999999999997,0.05039999999999999,0.10079999999999999,5.643509759999997e-05,0.324,0.102036672,0.036,2.015539199999999e-05
A,29,A-029,1,T1078.004,Management Console for Business Server OnCloud,0.72,2.0,5,0.1,0.072,0.144,0.144,1.0,1.0,0.144,0.144
A,29,A-029,2,T1484.002,Update server OnCloud,0.36,1.5,5,0.1,0.036,0.05399999999999999,0.007775999999999998,0.486,0.486,0.05399999999999999,0.007775999999999998
A,29,A-029,3,T1555.006,Business Server OnCloud,0.36,2.0,5,0.1,0.036,0.072,0.0005598719999999998,0.648,0.314928,0.072,0.0005598719999999998
A,29,A-029,4,T1486,Proxy server OnCloud,0.9,2.0,5,0.1,0.09000000000000001,0.18000000000000002,0.00010077695999999997,1.0,0.314928,0.18000000000000002,0.00010077695999999997
A,30,A-030,1,T1078.004,Management Console for Business Server OnCloud,0.72,2.0,5,0.1,0.072,0.144,0.144,1.0,1.0,0.144,0.144
A,30,A-030,2,T1484.002,Update server OnCloud,0.36,1.5,5,0.1,0.036,0.05399999999999999,0.007775999999999998,0.486,0.486,0.05399999999999999,0.007775999999999998
A,30,A-030,3,T1555.006,Business Server OnCloud,0.36,2.0,5,0.1,0.036,0.072,0.0005598719999999998,0.648,0.314928,0.072,0.0005598719999999998
A,30,A-030,4,T1496.001,Proxy server OnCloud,0.72,2.0,4,0.27999999999999997,0.20159999999999997,0.40319999999999995,0.0002257403903999999,1.0,0.314928,0.144,8.062156799999997e-05
A,31,A-031,1,T1078.004,Management Console for Business Server OnCloud,0.72,2.0,5,0.1,0.072,0.144,0.144,1.0,1.0,0.144,0.144
A,31,A-031,2,T1484.002,Update server OnCloud,0.36,1.5,5,0.1,0.036,0.05399999999999999,0.007775999999999998,0.486,0.486,0.05399999999999999,0.007775999999999998
A,31,A-031,3,T1555.006,Business Server OnCloud,0.36,2.0,5,0.1,0.036,0.072,0.0005598719999999998,0.648,0.314928,0.072,0.0005598719999999998
A,31,A-031,4,T1496.002,Proxy server OnCloud,0.18,2.0,4,0.27999999999999997,0.05039999999999999,0.10079999999999999,5.643509759999997e-05,0.324,0.102036672,0.036,2.015539199999999e-05
A,32,A-032,1,T1078.004,Management Console for Business Server OnCloud,0.72,2.0,5,0.1,0.072,0.144,0.144,1.0,1.0,0.144,0.144
A,32,A-032,2,T1484.002,Update server OnCloud,0.36,1.5,5,0.1,0.036,0.05399999999999999,0.007775999999999998,0.486,0.486,0.05399999999999999,0.007775999999999998
A,32,A-032,3,T1555.006,Business Server OnCloud,0.36,2.0,5,0.1,0.036,0.072,0.0005598719999999998,0.648,0.314928,0.072,0.0005598719999999998
A,32,A-032,4,T1496.004,Proxy server OnCloud,0.18,2.0,4,0.27999999999999997,0.05039999999999999,0.10079999999999999,5.643509759999997e-05,0.324,0.102036672,0.036,2.015539199999999e-05
A,33,A-033,1,T1078.004,Management Console for Business Server OnCloud,0.72,2.0,5,0.1,0.072,0.144,0.144,1.0,1.0,0.144,0.144
A,33,A-033,2,T1578.002,Update server OnCloud,0.36,1.5,3,0.4600000000000001,0.16560000000000002,0.24840000000000004,0.035769600000000006,0.486,0.486,0.05399999999999999,0.007775999999999998
A,33,A-033,3,T1484.002,Business Server OnCloud,0.36,2.0,5,0.1,0.036,0.072,0.0025754112,0.648,0.314928,0.072,0.0005598719999999998
A,33,A-033,4,T1486,Proxy server OnCloud,0.9,2.0,5,0.1,0.09000000000000001,0.18000000000000002,0.00046357401600000006,1.0,0.314928,0.18000000000000002,0.00010077695999999997
A,34,A-034,1,T1078.004,Management Console for Business Server OnCloud,0.72,2.0,5,0.1,0.072,0.144,0.144,1.0,1.0,0.144,0.144
A,34,A-034,2,T1578.002,Update server OnCloud,0.36,1.5,3,0.4600000000000001,0.16560000000000002,0.24840000000000004,0.035769600000000006,0.486,0.486,0.05399999999999999,0.007775999999999998
A,34,A-034,3,T1484.002,Business Server OnCloud,0.36,2.0,5,0.1,0.036,0.072,0.0025754112,0.648,0.314928,0.072,0.0005598719999999998
A,34,A-034,4,T1496.001,Proxy server OnCloud,0.72,2.0,4,0.27999999999999997,0.20159999999999997,0.40319999999999995,0.0010384057958399999,1.0,0.314928,0.144,8.062156799999997e-05
A,35,A-035,1,T1078.004,Management Console for Business Server OnCloud,0.72,2.0,5,0.1,0.072,0.144,0.144,1.0,1.0,0.144,0.144
A,35,A-035,2,T1578.002,Update server OnCloud,0.36,1.5,3,0.4600000000000001,0.16560000000000002,0.24840000000000004,0.035769600000000006,0.486,0.486,0.05399999999999999,0.007775999999999998
A,35,A-035,3,T1484.002,Business Server OnCloud,0.36,2.0,5,0.1,0.036,0.072,0.0025754112,0.648,0.314928,0.072,0.0005598719999999998
A,35,A-035,4,T1496.002,Proxy server OnCloud,0.18,2.0,4,0.27999999999999997,0.05039999999999999,0.10079999999999999,0.00025960144895999997,0.324,0.102036672,0.036,2.015539199999999e-05
A,36,A-036,1,T1078.004,Management Console for Business Server OnCloud,0.72,2.0,5,0.1,0.072,0.144,0.144,1.0,1.0,0.144,0.144
A,36,A-036,2,T1578.002,Update server OnCloud,0.36,1.5,3,0.4600000000000001,0.16560000000000002,0.24840000000000004,0.035769600000000006,0.486,0.486,0.05399999999999999,0.007775999999999998
A,36,A-036,3,T1484.002,Business Server OnCloud,0.36,2.0,5,0.1,0.036,0.072,0.0025754112,0.648,0.314928,0.072,0.0005598719999999998
A,36,A-036,4,T1496.004,Proxy server OnCloud,0.18,2.0,4,0.27999999999999997,0.05039999999999999,0.10079999999999999,0.00025960144895999997,0.324,0.102036672,0.036,2.015539199999999e-05
A,37,A-037,1,T1078.004,Management Console for Business Server OnCloud,0.72,2.0,5,0.1,0.072,0.144,0.144,1.0,1.0,0.144,0.144
A,37,A-037,2,T1578.002,Update server OnCloud,0.36,1.5,3,0.4600000000000001,0.16560000000000002,0.24840000000000004,0.035769600000000006,0.486,0.486,0.05399999999999999,0.007775999999999998
A,37,A-037,3,T1059.009,Business Server OnCloud,0.36,2.0,5,0.1,0.036,0.072,0.0025754112,0.648,0.314928,0.072,0.0005598719999999998
A,37,A-037,4,T1486,Proxy server OnCloud,0.9,2.0,5,0.1,0.09000000000000001,0.18000000000000002,0.00046357401600000006,1.0,0.314928,0.18000000000000002,0.00010077695999999997
A,38,A-038,1,T1078.004,Management Console for Business Server OnCloud,0.72,2.0,5,0.1,0.072,0.144,0.144,1.0,1.0,0.144,0.144
A,38,A-038,2,T1578.002,Update server OnCloud,0.36,1.5,3,0.4600000000000001,0.16560000000000002,0.24840000000000004,0.035769600000000006,0.486,0.486,0.05399999999999999,0.007775999999999998
A,38,A-038,3,T1059.009,Business Server OnCloud,0.36,2.0,5,0.1,0.036,0.072,0.0025754112,0.648,0.314928,0.072,0.0005598719999999998
A,38,A-038,4,T1496.001,Proxy server OnCloud,0.72,2.0,4,0.27999999999999997,0.20159999999999997,0.40319999999999995,0.0010384057958399999,1.0,0.314928,0.144,8.062156799999997e-05
A,39,A-039,1,T1078.004,Management Console for Business Server OnCloud,0.72,2.0,5,0.1,0.072,0.144,0.144,1.0,1.0,0.144,0.144
A,39,A-039,2,T1578.002,Update server OnCloud,0.36,1.5,3,0.4600000000000001,0.16560000000000002,0.24840000000000004,0.035769600000000006,0.486,0.486,0.05399999999999999,0.007775999999999998
A,39,A-039,3,T1059.009,Business Server OnCloud,0.36,2.0,5,0.1,0.036,0.072,0.0025754112,0.648,0.314928,0.072,0.0005598719999999998
A,39,A-039,4,T1496.002,Proxy server OnCloud,0.18,2.0,4,0.27999999999999997,0.05039999999999999,0.10079999999999999,0.00025960144895999997,0.324,0.102036672,0.036,2.015539199999999e-05
A,40,A-040,1,T1078.004,Management Console for Business Server OnCloud,0.72,2.0,5,0.1,0.072,0.144,0.144,1.0,1.0,0.144,0.144
A,40,A-040,2,T1578.002,Update server OnCloud,0.36,1.5,3,0.4600000000000001,0.16560000000000002,0.24840000000000004,0.035769600000000006,0.486,0.486,0.05399999999999999,0.007775999999999998
A,40,A-040,3,T1059.009,Business Server OnCloud,0.36,2.0,5,0.1,0.036,0.072,0.0025754112,0.648,0.314928,0.072,0.0005598719999999998
A,40,A-040,4,T1496.004,Proxy server OnCloud,0.18,2.0,4,0.27999999999999997,0.05039999999999999,0.10079999999999999,0.00025960144895999997,0.324,0.102036672,0.036,2.015539199999999e-05
A,41,A-041,1,T1078.004,Management Console for Business Server OnCloud,0.72,2.0,5,0.1,0.072,0.144,0.144,1.0,1.0,0.144,0.144
A,41,A-041,2,T1578.002,Update server OnCloud,0.36,1.5,3,0.4600000000000001,0.16560000000000002,0.24840000000000004,0.035769600000000006,0.486,0.486,0.05399999999999999,0.007775999999999998
A,41,A-041,3,T1651,Business Server OnCloud,0.36,2.0,5,0.1,0.036,0.072,0.0025754112,0.648,0.314928,0.072,0.0005598719999999998
A,41,A-041,4,T1486,Proxy server OnCloud,0.9,2.0,5,0.1,0.09000000000000001,0.18000000000000002,0.00046357401600000006,1.0,0.314928,0.18000000000000002,0.00010077695999999997
A,42,A-042,1,T1078.004,Management Console for Business Server OnCloud,0.72,2.0,5,0.1,0.072,0.144,0.144,1.0,1.0,0.144,0.144
A,42,A-042,2,T1578.002,Update server OnCloud,0.36,1.5,3,0.4600000000000001,0.16560000000000002,0.24840000000000004,0.035769600000000006,0.486,0.486,0.05399999999999999,0.007775999999999998
A,42,A-042,3,T1651,Business Server OnCloud,0.36,2.0,5,0.1,0.036,0.072,0.0025754112,0.648,0.314928,0.072,0.0005598719999999998
A,42,A-042,4,T1496.001,Proxy server OnCloud,0.72,2.0,4,0.27999999999999997,0.20159999999999997,0.40319999999999995,0.0010384057958399999,1.0,0.314928,0.144,8.062156799999997e-05
A,43,A-043,1,T1078.004,Management Console for Business Server OnCloud,0.72,2.0,5,0.1,0.072,0.144,0.144,1.0,1.0,0.144,0.144
A,43,A-043,2,T1578.002,Update server OnCloud,0.36,1.5,3,0.4600000000000001,0.16560000000000002,0.24840000000000004,0.035769600000000006,0.486,0.486,0.05399999999999999,0.007775999999999998
A,43,A-043,3,T1651,Business Server OnCloud,0.36,2.0,5,0.1,0.036,0.072,0.0025754112,0.648,0.314928,0.072,0.0005598719999999998
A,43,A-043,4,T1496.002,Proxy server OnCloud,0.18,2.0,4,0.27999999999999997,0.05039999999999999,0.10079999999999999,0.00025960144895999997,0.324,0.102036672,0.036,2.015539199999999e-05
A,44,A-044,1,T1078.004,Management Console for Business Server OnCloud,0.72,2.0,5,0.1,0.072,0.144,0.144,1.0,1.0,0.144,0.144
A,44,A-044,2,T1578.002,Update server OnCloud,0.36,1.5,3,0.4600000000000001,0.16560000000000002,0.24840000000000004,0.035769600000000006,0.486,0.486,0.05399999999999999,0.007775999999999998
A,44,A-044,3,T1651,Business Server OnCloud,0.36,2.0,5,0.1,0.036,0.072,0.0025754112,0.648,0.314928,0.072,0.0005598719999999998
A,44,A-044,4,T1496.004,Proxy server OnCloud,0.18,2.0,4,0.27999999999999997,0.05039999999999999,0.10079999999999999,0.00025960144895999997,0.324,0.102036672,0.036,2.015539199999999e-05
A,45,A-045,1,T1078.004,Management Console for Business Server OnCloud,0.72,2.0,5,0.1,0.072,0.144,0.144,1.0,1.0,0.144,0.144
A,45,A-045,2,T1578.002,Update server OnCloud,0.36,1.5,3,0.4600000000000001,0.16560000000000002,0.24840000000000004,0.035769600000000006,0.486,0.486,0.05399999999999999,0.007775999999999998
A,45,A-045,3,T1555.006,Business Server OnCloud,0.36,2.0,5,0.1,0.036,0.072,0.0025754112,0.648,0.314928,0.072,0.0005598719999999998
A,45,A-045,4,T1486,Proxy server OnCloud,0.9,2.0,5,0.1,0.09000000000000001,0.18000000000000002,0.00046357401600000006,1.0,0.314928,0.18000000000000002,0.00010077695999999997
A,46,A-046,1,T1078.004,Management Console for Business Server OnCloud,0.72,2.0,5,0.1,0.072,0.144,0.144,1.0,1.0,0.144,0.144
A,46,A-046,2,T1578.002,Update server OnCloud,0.36,1.5,3,0.4600000000000001,0.16560000000000002,0.24840000000000004,0.035769600000000006,0.486,0.486,0.05399999999999999,0.007775999999999998
A,46,A-046,3,T1555.006,Business Server OnCloud,0.36,2.0,5,0.1,0.036,0.072,0.0025754112,0.648,0.314928,0.072,0.0005598719999999998
A,46,A-046,4,T1496.001,Proxy server OnCloud,0.72,2.0,4,0.27999999999999997,0.20159999999999997,0.40319999999999995,0.0010384057958399999,1.0,0.314928,0.144,8.062156799999997e-05
A,47,A-047,1,T1078.004,Management Console for Business Server OnCloud,0.72,2.0,5,0.1,0.072,0.144,0.144,1.0,1.0,0.144,0.144
A,47,A-047,2,T1578.002,Update server OnCloud,0.36,1.5,3,0.4600000000000001,0.16560000000000002,0.24840000000000004,0.035769600000000006,0.486,0.486,0.05399999999999999,0.007775999999999998
A,47,A-047,3,T1555.006,Business Server OnCloud,0.36,2.0,5,0.1,0.036,0.072,0.0025754112,0.648,0.314928,0.072,0.0005598719999999998
A,47,A-047,4,T1496.002,Proxy server OnCloud,0.18,2.0,4,0.27999999999999997,0.05039999999999999,0.10079999999999999,0.00025960144895999997,0.324,0.102036672,0.036,2.015539199999999e-05
A,48,A-048,1,T1078.004,Management Console for Business Server OnCloud,0.72,2.0,5,0.1,0.072,0.144,0.144,1.0,1.0,0.144,0.144
A,48,A-048,2,T1578.002,Update server OnCloud,0.36,1.5,3,0.4600000000000001,0.16560000000000002,0.24840000000000004,0.035769600000000006,0.486,0.486,0.05399999999999999,0.007775999999999998
A,48,A-048,3,T1555.006,Business Server OnCloud,0.36,2.0,5,0.1,0.036,0.072,0.0025754112,0.648,0.314928,0.072,0.0005598719999999998
A,48,A-048,4,T1496.004,Proxy server OnCloud,0.18,2.0,4,0.27999999999999997,0.05039999999999999,0.10079999999999999,0.00025960144895999997,0.324,0.102036672,0.036,2.015539199999999e-05
A,49,A-049,1,T1078.004,Management Console for Business Server OnCloud,0.72,2.0,5,0.1,0.072,0.144,0.144,1.0,1.0,0.144,0.144
A,49,A-049,2,T1578.004,Update server OnCloud,0.18,1.5,4,0.27999999999999997,0.05039999999999999,0.07559999999999999,0.010886399999999997,0.243,0.243,0.026999999999999996,0.003887999999999999
A,49,A-049,3,T1484.002,Business Server OnCloud,0.36,2.0,5,0.1,0.036,0.072,0.0007838207999999998,0.648,0.157464,0.072,0.0002799359999999999
A,49,A-049,4,T1486,Proxy server OnCloud,0.9,2.0,5,0.1,0.09000000000000001,0.18000000000000002,0.00014108774399999998,1.0,0.157464,0.18000000000000002,5.0388479999999986e-05
A,50,A-050,1,T1078.004,Management Console for Business Server OnCloud,0.72,2.0,5,0.1,0.072,0.144,0.144,1.0,1.0,0.144,0.144
A,50,A-050,2,T1578.004,Update server OnCloud,0.18,1.5,4,0.27999999999999997,0.05039999999999999,0.07559999999999999,0.010886399999999997,0.243,0.243,0.026999999999999996,0.003887999999999999
A,50,A-050,3,T1484.002,Business Server OnCloud,0.36,2.0,5,0.1,0.036,0.072,0.0007838207999999998,0.648,0.157464,0.072,0.0002799359999999999
A,50,A-050,4,T1496.001,Proxy server OnCloud,0.72,2.0,4,0.27999999999999997,0.20159999999999997,0.40319999999999995,0.0003160365465599999,1.0,0.157464,0.144,4.031078399999998e-05
A,51,A-051,1,T1078.004,Management Console for Business Server OnCloud,0.72,2.0,5,0.1,0.072,0.144,0.144,1.0,1.0,0.144,0.144
A,51,A-051,2,T1578.004,Update server OnCloud,0.18,1.5,4,0.27999999999999997,0.05039999999999999,0.07559999999999999,0.010886399999999997,0.243,0.243,0.026999999999999996,0.003887999999999999
A,51,A-051,3,T1484.002,Business Server OnCloud,0.36,2.0,5,0.1,0.036,0.072,0.0007838207999999998,0.648,0.157464,0.072,0.0002799359999999999
A,51,A-051,4,T1496.002,Proxy server OnCloud,0.18,2.0,4,0.27999999999999997,0.05039999999999999,0.10079999999999999,7.900913663999998e-05,0.324,0.051018336,0.036,1.0077695999999996e-05
A,52,A-052,1,T1078.004,Management Console for Business Server OnCloud,0.72,2.0,5,0.1,0.072,0.144,0.144,1.0,1.0,0.144,0.144
A,52,A-052,2,T1578.004,Update server OnCloud,0.18,1.5,4,0.27999999999999997,0.05039999999999999,0.07559999999999999,0.010886399999999997,0.243,0.243,0.026999999999999996,0.003887999999999999
A,52,A-052,3,T1484.002,Business Server OnCloud,0.36,2.0,5,0.1,0.036,0.072,0.0007838207999999998,0.648,0.157464,0.072,0.0002799359999999999
A,52,A-052,4,T1496.004,Proxy server OnCloud,0.18,2.0,4,0.27999999999999997,0.05039999999999999,0.10079999999999999,7.900913663999998e-05,0.324,0.051018336,0.036,1.0077695999999996e-05
A,53,A-053,1,T1078.004,Management Console for Business Server OnCloud,0.72,2.0,5,0.1,0.072,0.144,0.144,1.0,1.0,0.144,0.144
A,53,A-053,2,T1578.004,Update server OnCloud,0.18,1.5,4,0.27999999999999997,0.05039999999999999,0.07559999999999999,0.010886399999999997,0.243,0.243,0.026999999999999996,0.003887999999999999
A,53,A-053,3,T1059.009,Business Server OnCloud,0.36,2.0,5,0.1,0.036,0.072,0.0007838207999999998,0.648,0.157464,0.072,0.0002799359999999999
A,53,A-053,4,T1486,Proxy server OnCloud,0.9,2.0,5,0.1,0.09000000000000001,0.18000000000000002,0.00014108774399999998,1.0,0.157464,0.18000000000000002,5.0388479999999986e-05
A,54,A-054,1,T1078.004,Management Console for Business Server OnCloud,0.72,2.0,5,0.1,0.072,0.144,0.144,1.0,1.0,0.144,0.144
A,54,A-054,2,T1578.004,Update server OnCloud,0.18,1.5,4,0.27999999999999997,0.05039999999999999,0.07559999999999999,0.010886399999999997,0.243,0.243,0.026999999999999996,0.003887999999999999
A,54,A-054,3,T1059.009,Business Server OnCloud,0.36,2.0,5,0.1,0.036,0.072,0.0007838207999999998,0.648,0.157464,0.072,0.0002799359999999999
A,54,A-054,4,T1496.001,Proxy server OnCloud,0.72,2.0,4,0.27999999999999997,0.20159999999999997,0.40319999999999995,0.0003160365465599999,1.0,0.157464,0.144,4.031078399999998e-05
A,55,A-055,1,T1078.004,Management Console for Business Server OnCloud,0.72,2.0,5,0.1,0.072,0.144,0.144,1.0,1.0,0.144,0.144
A,55,A-055,2,T1578.004,Update server OnCloud,0.18,1.5,4,0.27999999999999997,0.05039999999999999,0.07559999999999999,0.010886399999999997,0.243,0.243,0.026999999999999996,0.003887999999999999
A,55,A-055,3,T1059.009,Business Server OnCloud,0.36,2.0,5,0.1,0.036,0.072,0.0007838207999999998,0.648,0.157464,0.072,0.0002799359999999999
A,55,A-055,4,T1496.002,Proxy server OnCloud,0.18,2.0,4,0.27999999999999997,0.05039999999999999,0.10079999999999999,7.900913663999998e-05,0.324,0.051018336,0.036,1.0077695999999996e-05
A,56,A-056,1,T1078.004,Management Console for Business Server OnCloud,0.72,2.0,5,0.1,0.072,0.144,0.144,1.0,1.0,0.144,0.144
A,56,A-056,2,T1578.004,Update server OnCloud,0.18,1.5,4,0.27999999999999997,0.05039999999999999,0.07559999999999999,0.010886399999999997,0.243,0.243,0.026999999999999996,0.003887999999999999
A,56,A-056,3,T1059.009,Business Server OnCloud,0.36,2.0,5,0.1,0.036,0.072,0.0007838207999999998,0.648,0.157464,0.072,0.0002799359999999999
A,56,A-056,4,T1496.004,Proxy server OnCloud,0.18,2.0,4,0.27999999999999997,0.05039999999999999,0.10079999999999999,7.900913663999998e-05,0.324,0.051018336,0.036,1.0077695999999996e-05
A,57,A-057,1,T1078.004,Management Console for Business Server OnCloud,0.72,2.0,5,0.1,0.072,0.144,0.144,1.0,1.0,0.144,0.144
A,57,A-057,2,T1578.004,Update server OnCloud,0.18,1.5,4,0.27999999999999997,0.05039999999999999,0.07559999999999999,0.010886399999999997,0.243,0.243,0.026999999999999996,0.003887999999999999
A,57,A-057,3,T1651,Business Server OnCloud,0.36,2.0,5,0.1,0.036,0.072,0.0007838207999999998,0.648,0.157464,0.072,0.0002799359999999999
A,57,A-057,4,T1486,Proxy server OnCloud,0.9,2.0,5,0.1,0.09000000000000001,0.18000000000000002,0.00014108774399999998,1.0,0.157464,0.18000000000000002,5.0388479999999986e-05
A,58,A-058,1,T1078.004,Management Console for Business Server OnCloud,0.72,2.0,5,0.1,0.072,0.144,0.144,1.0,1.0,0.144,0.144
A,58,A-058,2,T1578.004,Update server OnCloud,0.18,1.5,4,0.27999999999999997,0.05039999999999999,0.07559999999999999,0.010886399999999997,0.243,0.243,0.026999999999999996,0.003887999999999999
A,58,A-058,3,T1651,Business Server OnCloud,0.36,2.0,5,0.1,0.036,0.072,0.0007838207999999998,0.648,0.157464,0.072,0.0002799359999999999
A,58,A-058,4,T1496.001,Proxy server OnCloud,0.72,2.0,4,0.27999999999999997,0.20159999999999997,0.40319999999999995,0.0003160365465599999,1.0,0.157464,0.144,4.031078399999998e-05
A,59,A-059,1,T1078.004,Management Console for Business Server OnCloud,0.72,2.0,5,0.1,0.072,0.144,0.144,1.0,1.0,0.144,0.144
A,59,A-059,2,T1578.004,Update server OnCloud,0.18,1.5,4,0.27999999999999997,0.05039999999999999,0.07559999999999999,0.010886399999999997,0.243,0.243,0.026999999999999996,0.003887999999999999
A,59,A-059,3,T1651,Business Server OnCloud,0.36,2.0,5,0.1,0.036,0.072,0.0007838207999999998,0.648,0.157464,0.072,0.0002799359999999999
A,59,A-059,4,T1496.002,Proxy server OnCloud,0.18,2.0,4,0.27999999999999997,0.05039999999999999,0.10079999999999999,7.900913663999998e-05,0.324,0.051018336,0.036,1.0077695999999996e-05
A,60,A-060,1,T1078.004,Management Console for Business Server OnCloud,0.72,2.0,5,0.1,0.072,0.144,0.144,1.0,1.0,0.144,0.144
A,60,A-060,2,T1578.004,Update server OnCloud,0.18,1.5,4,0.27999999999999997,0.05039999999999999,0.07559999999999999,0.010886399999999997,0.243,0.243,0.026999999999999996,0.003887999999999999
A,60,A-060,3,T1651,Business Server OnCloud,0.36,2.0,5,0.1,0.036,0.072,0.0007838207999999998,0.648,0.157464,0.072,0.0002799359999999999
A,60,A-060,4,T1496.004,Proxy server OnCloud,0.18,2.0,4,0.27999999999999997,0.05039999999999999,0.10079999999999999,7.900913663999998e-05,0.324,0.051018336,0.036,1.0077695999999996e-05
A,61,A-061,1,T1078.004,Management Console for Business Server OnCloud,0.72,2.0,5,0.1,0.072,0.144,0.144,1.0,1.0,0.144,0.144
A,61,A-061,2,T1578.004,Update server OnCloud,0.18,1.5,4,0.27999999999999997,0.05039999999999999,0.07559999999999999,0.010886399999999997,0.243,0.243,0.026999999999999996,0.003887999999999999
A,61,A-061,3,T1555.006,Business Server OnCloud,0.36,2.0,5,0.1,0.036,0.072,0.0007838207999999998,0.648,0.157464,0.072,0.0002799359999999999
A,61,A-061,4,T1486,Proxy server OnCloud,0.9,2.0,5,0.1,0.09000000000000001,0.18000000000000002,0.00014108774399999998,1.0,0.157464,0.18000000000000002,5.0388479999999986e-05
A,62,A-062,1,T1078.004,Management Console for Business Server OnCloud,0.72,2.0,5,0.1,0.072,0.144,0.144,1.0,1.0,0.144,0.144
A,62,A-062,2,T1578.004,Update server OnCloud,0.18,1.5,4,0.27999999999999997,0.05039999999999999,0.07559999999999999,0.010886399999999997,0.243,0.243,0.026999999999999996,0.003887999999999999
A,62,A-062,3,T1555.006,Business Server OnCloud,0.36,2.0,5,0.1,0.036,0.072,0.0007838207999999998,0.648,0.157464,0.072,0.0002799359999999999
A,62,A-062,4,T1496.001,Proxy server OnCloud,0.72,2.0,4,0.27999999999999997,0.20159999999999997,0.40319999999999995,0.0003160365465599999,1.0,0.157464,0.144,4.031078399999998e-05
A,63,A-063,1,T1078.004,Management Console for Business Server OnCloud,0.72,2.0,5,0.1,0.072,0.144,0.144,1.0,1.0,0.144,0.144
A,63,A-063,2,T1578.004,Update server OnCloud,0.18,1.5,4,0.27999999999999997,0.05039999999999999,0.07559999999999999,0.010886399999999997,0.243,0.243,0.026999999999999996,0.003887999999999999
A,63,A-063,3,T1555.006,Business Server OnCloud,0.36,2.0,5,0.1,0.036,0.072,0.0007838207999999998,0.648,0.157464,0.072,0.0002799359999999999
A,63,A-063,4,T1496.002,Proxy server OnCloud,0.18,2.0,4,0.27999999999999997,0.05039999999999999,0.10079999999999999,7.900913663999998e-05,0.324,0.051018336,0.036,1.0077695999999996e-05
A,64,A-064,1,T1078.004,Management Console for Business Server OnCloud,0.72,2.0,5,0.1,0.072,0.144,0.144,1.0,1.0,0.144,0.144
A,64,A-064,2,T1578.004,Update server OnCloud,0.18,1.5,4,0.27999999999999997,0.05039999999999999,0.07559999999999999,0.010886399999999997,0.243,0.243,0.026999999999999996,0.003887999999999999
A,64,A-064,3,T1555.006,Business Server OnCloud,0.36,2.0,5,0.1,0.036,0.072,0.0007838207999999998,0.648,0.157464,0.072,0.0002799359999999999
A,64,A-064,4,T1496.004,Proxy server OnCloud,0.18,2.0,4,0.27999999999999997,0.05039999999999999,0.10079999999999999,7.900913663999998e-05,0.324,0.051018336,0.036,1.0077695999999996e-05
B,1,B-001,1,T1190,VDI AuthServer,0.9,1.5,3,0.4600000000000001,0.4140000000000001,0.6210000000000001,0.6210000000000001,1.0,1.0,0.135,0.135
B,1,B-001,2,T1021.007,VDI AuthServer,0.36,1.5,5,0.1,0.036,0.05399999999999999,0.033534,0.486,0.486,0.05399999999999999,0.00729
B,1,B-001,3,T1059.009,VDI Server,0.36,1.5,5,0.1,0.036,0.05399999999999999,0.001810836,0.486,0.236196,0.05399999999999999,0.00039365999999999994
B,1,B-001,4,T1486,Business Server OnCloud,0.9,2.0,5,0.1,0.09000000000000001,0.18000000000000002,0.00032595048,1.0,0.236196,0.18000000000000002,7.085879999999999e-05
B,2,B-002,1,T1190,VDI AuthServer,0.9,1.5,3,0.4600000000000001,0.4140000000000001,0.6210000000000001,0.6210000000000001,1.0,1.0,0.135,0.135
B,2,B-002,2,T1021.007,VDI AuthServer,0.36,1.5,5,0.1,0.036,0.05399999999999999,0.033534,0.486,0.486,0.05399999999999999,0.00729
B,2,B-002,3,T1059.009,VDI Server,0.36,1.5,5,0.1,0.036,0.05399999999999999,0.001810836,0.486,0.236196,0.05399999999999999,0.00039365999999999994
B,2,B-002,4,T1496.001,Business Server OnCloud,0.72,2.0,4,0.27999999999999997,0.20159999999999997,0.40319999999999995,0.0007301290751999999,1.0,0.236196,0.144,5.668703999999999e-05
B,3,B-003,1,T1190,VDI AuthServer,0.9,1.5,3,0.4600000000000001,0.4140000000000001,0.6210000000000001,0.6210000000000001,1.0,1.0,0.135,0.135
B,3,B-003,2,T1021.007,VDI AuthServer,0.36,1.5,5,0.1,0.036,0.05399999999999999,0.033534,0.486,0.486,0.05399999999999999,0.00729
B,3,B-003,3,T1059.009,VDI Server,0.36,1.5,5,0.1,0.036,0.05399999999999999,0.001810836,0.486,0.236196,0.05399999999999999,0.00039365999999999994
B,3,B-003,4,T1496.002,Business Server OnCloud,0.18,2.0,4,0.27999999999999997,0.05039999999999999,0.10079999999999999,0.00018253226879999998,0.324,0.076527504,0.036,1.4171759999999998e-05
B,4,B-004,1,T1190,VDI AuthServer,0.9,1.5,3,0.4600000000000001,0.4140000000000001,0.6210000000000001,0.6210000000000001,1.0,1.0,0.135,0.135
B,4,B-004,2,T1021.007,VDI AuthServer,0.36,1.5,5,0.1,0.036,0.05399999999999999,0.033534,0.486,0.486,0.05399999999999999,0.00729
B,4,B-004,3,T1059.009,VDI Server,0.36,1.5,5,0.1,0.036,0.05399999999999999,0.001810836,0.486,0.236196,0.05399999999999999,0.00039365999999999994
B,4,B-004,4,T1496.004,Business Server OnCloud,0.18,2.0,4,0.27999999999999997,0.05039999999999999,0.10079999999999999,0.00018253226879999998,0.324,0.076527504,0.036,1.4171759999999998e-05
B,5,B-005,1,T1190,VDI AuthServer,0.9,1.5,3,0.4600000000000001,0.4140000000000001,0.6210000000000001,0.6210000000000001,1.0,1.0,0.135,0.135
B,5,B-005,2,T1021.007,VDI AuthServer,0.36,1.5,5,0.1,0.036,0.05399999999999999,0.033534,0.486,0.486,0.05399999999999999,0.00729
B,5,B-005,3,T1484.002,VDI Server,0.36,1.5,5,0.1,0.036,0.05399999999999999,0.001810836,0.486,0.236196,0.05399999999999999,0.00039365999999999994
B,5,B-005,4,T1486,Business Server OnCloud,0.9,2.0,5,0.1,0.09000000000000001,0.18000000000000002,0.00032595048,1.0,0.236196,0.18000000000000002,7.085879999999999e-05
B,6,B-006,1,T1190,VDI AuthServer,0.9,1.5,3,0.4600000000000001,0.4140000000000001,0.6210000000000001,0.6210000000000001,1.0,1.0,0.135,0.135
B,6,B-006,2,T1021.007,VDI AuthServer,0.36,1.5,5,0.1,0.036,0.05399999999999999,0.033534,0.486,0.486,0.05399999999999999,0.00729
B,6,B-006,3,T1484.002,VDI Server,0.36,1.5,5,0.1,0.036,0.05399999999999999,0.001810836,0.486,0.236196,0.05399999999999999,0.00039365999999999994
B,6,B-006,4,T1496.001,Business Server OnCloud,0.72,2.0,4,0.27999999999999997,0.20159999999999997,0.40319999999999995,0.0007301290751999999,1.0,0.236196,0.144,5.668703999999999e-05
B,7,B-007,1,T1190,VDI AuthServer,0.9,1.5,3,0.4600000000000001,0.4140000000000001,0.6210000000000001,0.6210000000000001,1.0,1.0,0.135,0.135
B,7,B-007,2,T1021.007,VDI AuthServer,0.36,1.5,5,0.1,0.036,0.05399999999999999,0.033534,0.486,0.486,0.05399999999999999,0.00729
B,7,B-007,3,T1484.002,VDI Server,0.36,1.5,5,0.1,0.036,0.05399999999999999,0.001810836,0.486,0.236196,0.05399999999999999,0.00039365999999999994
B,7,B-007,4,T1496.002,Business Server OnCloud,0.18,2.0,4,0.27999999999999997,0.05039999999999999,0.10079999999999999,0.00018253226879999998,0.324,0.076527504,0.036,1.4171759999999998e-05
B,8,B-008,1,T1190,VDI AuthServer,0.9,1.5,3,0.4600000000000001,0.4140000000000001,0.6210000000000001,0.6210000000000001,1.0,1.0,0.135,0.135
B,8,B-008,2,T1021.007,VDI AuthServer,0.36,1.5,5,0.1,0.036,0.05399999999999999,0.033534,0.486,0.486,0.05399999999999999,0.00729
B,8,B-008,3,T1484.002,VDI Server,0.36,1.5,5,0.1,0.036,0.05399999999999999,0.001810836,0.486,0.236196,0.05399999999999999,0.00039365999999999994
B,8,B-008,4,T1496.004,Business Server OnCloud,0.18,2.0,4,0.27999999999999997,0.05039999999999999,0.10079999999999999,0.00018253226879999998,0.324,0.076527504,0.036,1.4171759999999998e-05
B,9,B-009,1,T1190,VDI AuthServer,0.9,1.5,3,0.4600000000000001,0.4140000000000001,0.6210000000000001,0.6210000000000001,1.0,1.0,0.135,0.135
B,9,B-009,2,T1021.007,VDI AuthServer,0.36,1.5,5,0.1,0.036,0.05399999999999999,0.033534,0.486,0.486,0.05399999999999999,0.00729
B,9,B-009,3,T1555.006,VDI Server,0.36,1.5,5,0.1,0.036,0.05399999999999999,0.001810836,0.486,0.236196,0.05399999999999999,0.00039365999999999994
B,9,B-009,4,T1486,Business Server OnCloud,0.9,2.0,5,0.1,0.09000000000000001,0.18000000000000002,0.00032595048,1.0,0.236196,0.18000000000000002,7.085879999999999e-05
B,10,B-010,1,T1190,VDI AuthServer,0.9,1.5,3,0.4600000000000001,0.4140000000000001,0.6210000000000001,0.6210000000000001,1.0,1.0,0.135,0.135
B,10,B-010,2,T1021.007,VDI AuthServer,0.36,1.5,5,0.1,0.036,0.05399999999999999,0.033534,0.486,0.486,0.05399999999999999,0.00729
B,10,B-010,3,T1555.006,VDI Server,0.36,1.5,5,0.1,0.036,0.05399999999999999,0.001810836,0.486,0.236196,0.05399999999999999,0.00039365999999999994
B,10,B-010,4,T1496.001,Business Server OnCloud,0.72,2.0,4,0.27999999999999997,0.20159999999999997,0.40319999999999995,0.0007301290751999999,1.0,0.236196,0.144,5.668703999999999e-05
B,11,B-011,1,T1190,VDI AuthServer,0.9,1.5,3,0.4600000000000001,0.4140000000000001,0.6210000000000001,0.6210000000000001,1.0,1.0,0.135,0.135
B,11,B-011,2,T1021.007,VDI AuthServer,0.36,1.5,5,0.1,0.036,0.05399999999999999,0.033534,0.486,0.486,0.05399999999999999,0.00729
B,11,B-011,3,T1555.006,VDI Server,0.36,1.5,5,0.1,0.036,0.05399999999999999,0.001810836,0.486,0.236196,0.05399999999999999,0.00039365999999999994
B,11,B-011,4,T1496.002,Business Server OnCloud,0.18,2.0,4,0.27999999999999997,0.05039999999999999,0.10079999999999999,0.00018253226879999998,0.324,0.076527504,0.036,1.4171759999999998e-05
B,12,B-012,1,T1190,VDI AuthServer,0.9,1.5,3,0.4600000000000001,0.4140000000000001,0.6210000000000001,0.6210000000000001,1.0,1.0,0.135,0.135
B,12,B-012,2,T1021.007,VDI AuthServer,0.36,1.5,5,0.1,0.036,0.05399999999999999,0.033534,0.486,0.486,0.05399999999999999,0.00729
B,12,B-012,3,T1555.006,VDI Server,0.36,1.5,5,0.1,0.036,0.05399999999999999,0.001810836,0.486,0.236196,0.05399999999999999,0.00039365999999999994
B,12,B-012,4,T1496.004,Business Server OnCloud,0.18,2.0,4,0.27999999999999997,0.05039999999999999,0.10079999999999999,0.00018253226879999998,0.324,0.076527504,0.036,1.4171759999999998e-05
B,13,B-013,1,T1190,VDI AuthServer,0.9,1.5,3,0.4600000000000001,0.4140000000000001,0.6210000000000001,0.6210000000000001,1.0,1.0,0.135,0.135
B,13,B-013,2,T1021.007,VDI AuthServer,0.36,1.5,5,0.1,0.036,0.05399999999999999,0.033534,0.486,0.486,0.05399999999999999,0.00729
B,13,B-013,3,T1651,VDI Server,0.36,1.5,5,0.1,0.036,0.05399999999999999,0.001810836,0.486,0.236196,0.05399999999999999,0.00039365999999999994
B,13,B-013,4,T1486,Business Server OnCloud,0.9,2.0,5,0.1,0.09000000000000001,0.18000000000000002,0.00032595048,1.0,0.236196,0.18000000000000002,7.085879999999999e-05
B,14,B-014,1,T1190,VDI AuthServer,0.9,1.5,3,0.4600000000000001,0.4140000000000001,0.6210000000000001,0.6210000000000001,1.0,1.0,0.135,0.135
B,14,B-014,2,T1021.007,VDI AuthServer,0.36,1.5,5,0.1,0.036,0.05399999999999999,0.033534,0.486,0.486,0.05399999999999999,0.00729
B,14,B-014,3,T1651,VDI Server,0.36,1.5,5,0.1,0.036,0.05399999999999999,0.001810836,0.486,0.236196,0.05399999999999999,0.00039365999999999994
B,14,B-014,4,T1496.001,Business Server OnCloud,0.72,2.0,4,0.27999999999999997,0.20159999999999997,0.40319999999999995,0.0007301290751999999,1.0,0.236196,0.144,5.668703999999999e-05
B,15,B-015,1,T1190,VDI AuthServer,0.9,1.5,3,0.4600000000000001,0.4140000000000001,0.6210000000000001,0.6210000000000001,1.0,1.0,0.135,0.135
B,15,B-015,2,T1021.007,VDI AuthServer,0.36,1.5,5,0.1,0.036,0.05399999999999999,0.033534,0.486,0.486,0.05399999999999999,0.00729
B,15,B-015,3,T1651,VDI Server,0.36,1.5,5,0.1,0.036,0.05399999999999999,0.001810836,0.486,0.236196,0.05399999999999999,0.00039365999999999994
B,15,B-015,4,T1496.002,Business Server OnCloud,0.18,2.0,4,0.27999999999999997,0.05039999999999999,0.10079999999999999,0.00018253226879999998,0.324,0.076527504,0.036,1.4171759999999998e-05
B,16,B-016,1,T1190,VDI AuthServer,0.9,1.5,3,0.4600000000000001,0.4140000000000001,0.6210000000000001,0.6210000000000001,1.0,1.0,0.135,0.135
B,16,B-016,2,T1021.007,VDI AuthServer,0.36,1.5,5,0.1,0.036,0.05399999999999999,0.033534,0.486,0.486,0.05399999999999999,0.00729
B,16,B-016,3,T1651,VDI Server,0.36,1.5,5,0.1,0.036,0.05399999999999999,0.001810836,0.486,0.236196,0.05399999999999999,0.00039365999999999994
B,16,B-016,4,T1496.004,Business Server OnCloud,0.18,2.0,4,0.27999999999999997,0.05039999999999999,0.10079999999999999,0.00018253226879999998,0.324,0.076527504,0.036,1.4171759999999998e-05
B,17,B-017,1,T1190,VDI AuthServer,0.9,1.5,3,0.4600000000000001,0.4140000000000001,0.6210000000000001,0.6210000000000001,1.0,1.0,0.135,0.135
B,17,B-017,2,T1484.002,VDI AuthServer,0.36,1.5,5,0.1,0.036,0.05399999999999999,0.033534,0.486,0.486,0.05399999999999999,0.00729
B,17,B-017,3,T1059.009,VDI Server,0.36,1.5,5,0.1,0.036,0.05399999999999999,0.001810836,0.486,0.236196,0.05399999999999999,0.00039365999999999994
B,17,B-017,4,T1486,Business Server OnCloud,0.9,2.0,5,0.1,0.09000000000000001,0.18000000000000002,0.00032595048,1.0,0.236196,0.18000000000000002,7.085879999999999e-05
B,18,B-018,1,T1190,VDI AuthServer,0.9,1.5,3,0.4600000000000001,0.4140000000000001,0.6210000000000001,0.6210000000000001,1.0,1.0,0.135,0.135
B,18,B-018,2,T1484.002,VDI AuthServer,0.36,1.5,5,0.1,0.036,0.05399999999999999,0.033534,0.486,0.486,0.05399999999999999,0.00729
B,18,B-018,3,T1059.009,VDI Server,0.36,1.5,5,0.1,0.036,0.05399999999999999,0.001810836,0.486,0.236196,0.05399999999999999,0.00039365999999999994
B,18,B-018,4,T1496.001,Business Server OnCloud,0.72,2.0,4,0.27999999999999997,0.20159999999999997,0.40319999999999995,0.0007301290751999999,1.0,0.236196,0.144,5.668703999999999e-05
B,19,B-019,1,T1190,VDI AuthServer,0.9,1.5,3,0.4600000000000001,0.4140000000000001,0.6210000000000001,0.6210000000000001,1.0,1.0,0.135,0.135
B,19,B-019,2,T1484.002,VDI AuthServer,0.36,1.5,5,0.1,0.036,0.05399999999999999,0.033534,0.486,0.486,0.05399999999999999,0.00729
B,19,B-019,3,T1059.009,VDI Server,0.36,1.5,5,0.1,0.036,0.05399999999999999,0.001810836,0.486,0.236196,0.05399999999999999,0.00039365999999999994
B,19,B-019,4,T1496.002,Business Server OnCloud,0.18,2.0,4,0.27999999999999997,0.05039999999999999,0.10079999999999999,0.00018253226879999998,0.324,0.076527504,0.036,1.4171759999999998e-05
B,20,B-020,1,T1190,VDI AuthServer,0.9,1.5,3,0.4600000000000001,0.4140000000000001,0.6210000000000001,0.6210000000000001,1.0,1.0,0.135,0.135
B,20,B-020,2,T1484.002,VDI AuthServer,0.36,1.5,5,0.1,0.036,0.05399999999999999,0.033534,0.486,0.486,0.05399999999999999,0.00729
B,20,B-020,3,T1059.009,VDI Server,0.36,1.5,5,0.1,0.036,0.05399999999999999,0.001810836,0.486,0.236196,0.05399999999999999,0.00039365999999999994
B,20,B-020,4,T1496.004,Business Server OnCloud,0.18,2.0,4,0.27999999999999997,0.05039999999999999,0.10079999999999999,0.00018253226879999998,0.324,0.076527504,0.036,1.4171759999999998e-05
B,21,B-021,1,T1190,VDI AuthServer,0.9,1.5,3,0.4600000000000001,0.4140000000000001,0.6210000000000001,0.6210000000000001,1.0,1.0,0.135,0.135
B,21,B-021,2,T1484.002,VDI AuthServer,0.36,1.5,5,0.1,0.036,0.05399999999999999,0.033534,0.486,0.486,0.05399999999999999,0.00729
B,21,B-021,3,T1484.002,VDI Server,0.36,1.5,5,0.1,0.036,0.05399999999999999,0.001810836,0.486,0.236196,0.05399999999999999,0.00039365999999999994
B,21,B-021,4,T1486,Business Server OnCloud,0.9,2.0,5,0.1,0.09000000000000001,0.18000000000000002,0.00032595048,1.0,0.236196,0.18000000000000002,7.085879999999999e-05
B,22,B-022,1,T1190,VDI AuthServer,0.9,1.5,3,0.4600000000000001,0.4140000000000001,0.6210000000000001,0.6210000000000001,1.0,1.0,0.135,0.135
B,22,B-022,2,T1484.002,VDI AuthServer,0.36,1.5,5,0.1,0.036,0.05399999999999999,0.033534,0.486,0.486,0.05399999999999999,0.00729
B,22,B-022,3,T1484.002,VDI Server,0.36,1.5,5,0.1,0.036,0.05399999999999999,0.001810836,0.486,0.236196,0.05399999999999999,0.00039365999999999994
B,22,B-022,4,T1496.001,Business Server OnCloud,0.72,2.0,4,0.27999999999999997,0.20159999999999997,0.40319999999999995,0.0007301290751999999,1.0,0.236196,0.144,5.668703999999999e-05
B,23,B-023,1,T1190,VDI AuthServer,0.9,1.5,3,0.4600000000000001,0.4140000000000001,0.6210000000000001,0.6210000000000001,1.0,1.0,0.135,0.135
B,23,B-023,2,T1484.002,VDI AuthServer,0.36,1.5,5,0.1,0.036,0.05399999999999999,0.033534,0.486,0.486,0.05399999999999999,0.00729
B,23,B-023,3,T1484.002,VDI Server,0.36,1.5,5,0.1,0.036,0.05399999999999999,0.001810836,0.486,0.236196,0.05399999999999999,0.00039365999999999994
B,23,B-023,4,T1496.002,Business Server OnCloud,0.18,2.0,4,0.27999999999999997,0.05039999999999999,0.10079999999999999,0.00018253226879999998,0.324,0.076527504,0.036,1.4171759999999998e-05
B,24,B-024,1,T1190,VDI AuthServer,0.9,1.5,3,0.4600000000000001,0.4140000000000001,0.6210000000000001,0.6210000000000001,1.0,1.0,0.135,0.135
B,24,B-024,2,T1484.002,VDI AuthServer,0.36,1.5,5,0.1,0.036,0.05399999999999999,0.033534,0.486,0.486,0.05399999999999999,0.00729
B,24,B-024,3,T1484.002,VDI Server,0.36,1.5,5,0.1,0.036,0.05399999999999999,0.001810836,0.486,0.236196,0.05399999999999999,0.00039365999999999994
B,24,B-024,4,T1496.004,Business Server OnCloud,0.18,2.0,4,0.27999999999999997,0.05039999999999999,0.10079999999999999,0.00018253226879999998,0.324,0.076527504,0.036,1.4171759999999998e-05
B,25,B-025,1,T1190,VDI AuthServer,0.9,1.5,3,0.4600000000000001,0.4140000000000001,0.6210000000000001,0.6210000000000001,1.0,1.0,0.135,0.135
B,25,B-025,2,T1484.002,VDI AuthServer,0.36,1.5,5,0.1,0.036,0.05399999999999999,0.033534,0.486,0.486,0.05399999999999999,0.00729
B,25,B-025,3,T1555.006,VDI Server,0.36,1.5,5,0.1,0.036,0.05399999999999999,0.001810836,0.486,0.236196,0.05399999999999999,0.00039365999999999994
B,25,B-025,4,T1486,Business Server OnCloud,0.9,2.0,5,0.1,0.09000000000000001,0.18000000000000002,0.00032595048,1.0,0.236196,0.18000000000000002,7.085879999999999e-05
B,26,B-026,1,T1190,VDI AuthServer,0.9,1.5,3,0.4600000000000001,0.4140000000000001,0.6210000000000001,0.6210000000000001,1.0,1.0,0.135,0.135
B,26,B-026,2,T1484.002,VDI AuthServer,0.36,1.5,5,0.1,0.036,0.05399999999999999,0.033534,0.486,0.486,0.05399999999999999,0.00729
B,26,B-026,3,T1555.006,VDI Server,0.36,1.5,5,0.1,0.036,0.05399999999999999,0.001810836,0.486,0.236196,0.05399999999999999,0.00039365999999999994
B,26,B-026,4,T1496.001,Business Server OnCloud,0.72,2.0,4,0.27999999999999997,0.20159999999999997,0.40319999999999995,0.0007301290751999999,1.0,0.236196,0.144,5.668703999999999e-05
B,27,B-027,1,T1190,VDI AuthServer,0.9,1.5,3,0.4600000000000001,0.4140000000000001,0.6210000000000001,0.6210000000000001,1.0,1.0,0.135,0.135
B,27,B-027,2,T1484.002,VDI AuthServer,0.36,1.5,5,0.1,0.036,0.05399999999999999,0.033534,0.486,0.486,0.05399999999999999,0.00729
B,27,B-027,3,T1555.006,VDI Server,0.36,1.5,5,0.1,0.036,0.05399999999999999,0.001810836,0.486,0.236196,0.05399999999999999,0.00039365999999999994
B,27,B-027,4,T1496.002,Business Server OnCloud,0.18,2.0,4,0.27999999999999997,0.05039999999999999,0.10079999999999999,0.00018253226879999998,0.324,0.076527504,0.036,1.4171759999999998e-05
B,28,B-028,1,T1190,VDI AuthServer,0.9,1.5,3,0.4600000000000001,0.4140000000000001,0.6210000000000001,0.6210000000000001,1.0,1.0,0.135,0.135
B,28,B-028,2,T1484.002,VDI AuthServer,0.36,1.5,5,0.1,0.036,0.05399999999999999,0.033534,0.486,0.486,0.05399999999999999,0.00729
B,28,B-028,3,T1555.006,VDI Server,0.36,1.5,5,0.1,0.036,0.05399999999999999,0.001810836,0.486,0.236196,0.05399999999999999,0.00039365999999999994
B,28,B-028,4,T1496.004,Business Server OnCloud,0.18,2.0,4,0.27999999999999997,0.05039999999999999,0.10079999999999999,0.00018253226879999998,0.324,0.076527504,0.036,1.4171759999999998e-05
B,29,B-029,1,T1190,VDI AuthServer,0.9,1.5,3,0.4600000000000001,0.4140000000000001,0.6210000000000001,0.6210000000000001,1.0,1.0,0.135,0.135
B,29,B-029,2,T1484.002,VDI AuthServer,0.36,1.5,5,0.1,0.036,0.05399999999999999,0.033534,0.486,0.486,0.05399999999999999,0.00729
B,29,B-029,3,T1651,VDI Server,0.36,1.5,5,0.1,0.036,0.05399999999999999,0.001810836,0.486,0.236196,0.05399999999999999,0.00039365999999999994
B,29,B-029,4,T1486,Business Server OnCloud,0.9,2.0,5,0.1,0.09000000000000001,0.18000000000000002,0.00032595048,1.0,0.236196,0.18000000000000002,7.085879999999999e-05
B,30,B-030,1,T1190,VDI AuthServer,0.9,1.5,3,0.4600000000000001,0.4140000000000001,0.6210000000000001,0.6210000000000001,1.0,1.0,0.135,0.135
B,30,B-030,2,T1484.002,VDI AuthServer,0.36,1.5,5,0.1,0.036,0.05399999999999999,0.033534,0.486,0.486,0.05399999999999999,0.00729
B,30,B-030,3,T1651,VDI Server,0.36,1.5,5,0.1,0.036,0.05399999999999999,0.001810836,0.486,0.236196,0.05399999999999999,0.00039365999999999994
B,30,B-030,4,T1496.001,Business Server OnCloud,0.72,2.0,4,0.27999999999999997,0.20159999999999997,0.40319999999999995,0.0007301290751999999,1.0,0.236196,0.144,5.668703999999999e-05
B,31,B-031,1,T1190,VDI AuthServer,0.9,1.5,3,0.4600000000000001,0.4140000000000001,0.6210000000000001,0.6210000000000001,1.0,1.0,0.135,0.135
B,31,B-031,2,T1484.002,VDI AuthServer,0.36,1.5,5,0.1,0.036,0.05399999999999999,0.033534,0.486,0.486,0.05399999999999999,0.00729
B,31,B-031,3,T1651,VDI Server,0.36,1.5,5,0.1,0.036,0.05399999999999999,0.001810836,0.486,0.236196,0.05399999999999999,0.00039365999999999994
B,31,B-031,4,T1496.002,Business Server OnCloud,0.18,2.0,4,0.27999999999999997,0.05039999999999999,0.10079999999999999,0.00018253226879999998,0.324,0.076527504,0.036,1.4171759999999998e-05
B,32,B-032,1,T1190,VDI AuthServer,0.9,1.5,3,0.4600000000000001,0.4140000000000001,0.6210000000000001,0.6210000000000001,1.0,1.0,0.135,0.135
B,32,B-032,2,T1484.002,VDI AuthServer,0.36,1.5,5,0.1,0.036,0.05399999999999999,0.033534,0.486,0.486,0.05399999999999999,0.00729
B,32,B-032,3,T1651,VDI Server,0.36,1.5,5,0.1,0.036,0.05399999999999999,0.001810836,0.486,0.236196,0.05399999999999999,0.00039365999999999994
B,32,B-032,4,T1496.004,Business Server OnCloud,0.18,2.0,4,0.27999999999999997,0.05039999999999999,0.10079999999999999,0.00018253226879999998,0.324,0.076527504,0.036,1.4171759999999998e-05
B,33,B-033,1,T1190,VDI AuthServer,0.9,1.5,3,0.4600000000000001,0.4140000000000001,0.6210000000000001,0.6210000000000001,1.0,1.0,0.135,0.135
B,33,B-033,2,T1578.002,VDI AuthServer,0.36,1.5,3,0.4600000000000001,0.16560000000000002,0.24840000000000004,0.15425640000000004,0.486,0.486,0.05399999999999999,0.00729
B,33,B-033,3,T1059.009,VDI Server,0.36,1.5,5,0.1,0.036,0.05399999999999999,0.008329845600000002,0.486,0.236196,0.05399999999999999,0.00039365999999999994
B,33,B-033,4,T1486,Business Server OnCloud,0.9,2.0,5,0.1,0.09000000000000001,0.18000000000000002,0.0014993722080000006,1.0,0.236196,0.18000000000000002,7.085879999999999e-05
B,34,B-034,1,T1190,VDI AuthServer,0.9,1.5,3,0.4600000000000001,0.4140000000000001,0.6210000000000001,0.6210000000000001,1.0,1.0,0.135,0.135
B,34,B-034,2,T1578.002,VDI AuthServer,0.36,1.5,3,0.4600000000000001,0.16560000000000002,0.24840000000000004,0.15425640000000004,0.486,0.486,0.05399999999999999,0.00729
B,34,B-034,3,T1059.009,VDI Server,0.36,1.5,5,0.1,0.036,0.05399999999999999,0.008329845600000002,0.486,0.236196,0.05399999999999999,0.00039365999999999994
B,34,B-034,4,T1496.001,Business Server OnCloud,0.72,2.0,4,0.27999999999999997,0.20159999999999997,0.40319999999999995,0.0033585937459200002,1.0,0.236196,0.144,5.668703999999999e-05
B,35,B-035,1,T1190,VDI AuthServer,0.9,1.5,3,0.4600000000000001,0.4140000000000001,0.6210000000000001,0.6210000000000001,1.0,1.0,0.135,0.135
B,35,B-035,2,T1578.002,VDI AuthServer,0.36,1.5,3,0.4600000000000001,0.16560000000000002,0.24840000000000004,0.15425640000000004,0.486,0.486,0.05399999999999999,0.00729
B,35,B-035,3,T1059.009,VDI Server,0.36,1.5,5,0.1,0.036,0.05399999999999999,0.008329845600000002,0.486,0.236196,0.05399999999999999,0.00039365999999999994
B,35,B-035,4,T1496.002,Business Server OnCloud,0.18,2.0,4,0.27999999999999997,0.05039999999999999,0.10079999999999999,0.0008396484364800001,0.324,0.076527504,0.036,1.4171759999999998e-05
B,36,B-036,1,T1190,VDI AuthServer,0.9,1.5,3,0.4600000000000001,0.4140000000000001,0.6210000000000001,0.6210000000000001,1.0,1.0,0.135,0.135
B,36,B-036,2,T1578.002,VDI AuthServer,0.36,1.5,3,0.4600000000000001,0.16560000000000002,0.24840000000000004,0.15425640000000004,0.486,0.486,0.05399999999999999,0.00729
B,36,B-036,3,T1059.009,VDI Server,0.36,1.5,5,0.1,0.036,0.05399999999999999,0.008329845600000002,0.486,0.236196,0.05399999999999999,0.00039365999999999994
B,36,B-036,4,T1496.004,Business Server OnCloud,0.18,2.0,4,0.27999999999999997,0.05039999999999999,0.10079999999999999,0.0008396484364800001,0.324,0.076527504,0.036,1.4171759999999998e-05
B,37,B-037,1,T1190,VDI AuthServer,0.9,1.5,3,0.4600000000000001,0.4140000000000001,0.6210000000000001,0.6210000000000001,1.0,1.0,0.135,0.135
B,37,B-037,2,T1578.002,VDI AuthServer,0.36,1.5,3,0.4600000000000001,0.16560000000000002,0.24840000000000004,0.15425640000000004,0.486,0.486,0.05399999999999999,0.00729
B,37,B-037,3,T1484.002,VDI Server,0.36,1.5,5,0.1,0.036,0.05399999999999999,0.008329845600000002,0.486,0.236196,0.05399999999999999,0.00039365999999999994
B,37,B-037,4,T1486,Business Server OnCloud,0.9,2.0,5,0.1,0.09000000000000001,0.18000000000000002,0.0014993722080000006,1.0,0.236196,0.18000000000000002,7.085879999999999e-05
B,38,B-038,1,T1190,VDI AuthServer,0.9,1.5,3,0.4600000000000001,0.4140000000000001,0.6210000000000001,0.6210000000000001,1.0,1.0,0.135,0.135
B,38,B-038,2,T1578.002,VDI AuthServer,0.36,1.5,3,0.4600000000000001,0.16560000000000002,0.24840000000000004,0.15425640000000004,0.486,0.486,0.05399999999999999,0.00729
B,38,B-038,3,T1484.002,VDI Server,0.36,1.5,5,0.1,0.036,0.05399999999999999,0.008329845600000002,0.486,0.236196,0.05399999999999999,0.00039365999999999994
B,38,B-038,4,T1496.001,Business Server OnCloud,0.72,2.0,4,0.27999999999999997,0.20159999999999997,0.40319999999999995,0.0033585937459200002,1.0,0.236196,0.144,5.668703999999999e-05
B,39,B-039,1,T1190,VDI AuthServer,0.9,1.5,3,0.4600000000000001,0.4140000000000001,0.6210000000000001,0.6210000000000001,1.0,1.0,0.135,0.135
B,39,B-039,2,T1578.002,VDI AuthServer,0.36,1.5,3,0.4600000000000001,0.16560000000000002,0.24840000000000004,0.15425640000000004,0.486,0.486,0.05399999999999999,0.00729
B,39,B-039,3,T1484.002,VDI Server,0.36,1.5,5,0.1,0.036,0.05399999999999999,0.008329845600000002,0.486,0.236196,0.05399999999999999,0.00039365999999999994
B,39,B-039,4,T1496.002,Business Server OnCloud,0.18,2.0,4,0.27999999999999997,0.05039999999999999,0.10079999999999999,0.0008396484364800001,0.324,0.076527504,0.036,1.4171759999999998e-05
B,40,B-040,1,T1190,VDI AuthServer,0.9,1.5,3,0.4600000000000001,0.4140000000000001,0.6210000000000001,0.6210000000000001,1.0,1.0,0.135,0.135
B,40,B-040,2,T1578.002,VDI AuthServer,0.36,1.5,3,0.4600000000000001,0.16560000000000002,0.24840000000000004,0.15425640000000004,0.486,0.486,0.05399999999999999,0.00729
B,40,B-040,3,T1484.002,VDI Server,0.36,1.5,5,0.1,0.036,0.05399999999999999,0.008329845600000002,0.486,0.236196,0.05399999999999999,0.00039365999999999994
B,40,B-040,4,T1496.004,Business Server OnCloud,0.18,2.0,4,0.27999999999999997,0.05039999999999999,0.10079999999999999,0.0008396484364800001,0.324,0.076527504,0.036,1.4171759999999998e-05
B,41,B-041,1,T1190,VDI AuthServer,0.9,1.5,3,0.4600000000000001,0.4140000000000001,0.6210000000000001,0.6210000000000001,1.0,1.0,0.135,0.135
B,41,B-041,2,T1578.002,VDI AuthServer,0.36,1.5,3,0.4600000000000001,0.16560000000000002,0.24840000000000004,0.15425640000000004,0.486,0.486,0.05399999999999999,0.00729
B,41,B-041,3,T1555.006,VDI Server,0.36,1.5,5,0.1,0.036,0.05399999999999999,0.008329845600000002,0.486,0.236196,0.05399999999999999,0.00039365999999999994
B,41,B-041,4,T1486,Business Server OnCloud,0.9,2.0,5,0.1,0.09000000000000001,0.18000000000000002,0.0014993722080000006,1.0,0.236196,0.18000000000000002,7.085879999999999e-05
B,42,B-042,1,T1190,VDI AuthServer,0.9,1.5,3,0.4600000000000001,0.4140000000000001,0.6210000000000001,0.6210000000000001,1.0,1.0,0.135,0.135
B,42,B-042,2,T1578.002,VDI AuthServer,0.36,1.5,3,0.4600000000000001,0.16560000000000002,0.24840000000000004,0.15425640000000004,0.486,0.486,0.05399999999999999,0.00729
B,42,B-042,3,T1555.006,VDI Server,0.36,1.5,5,0.1,0.036,0.05399999999999999,0.008329845600000002,0.486,0.236196,0.05399999999999999,0.00039365999999999994
B,42,B-042,4,T1496.001,Business Server OnCloud,0.72,2.0,4,0.27999999999999997,0.20159999999999997,0.40319999999999995,0.0033585937459200002,1.0,0.236196,0.144,5.668703999999999e-05
B,43,B-043,1,T1190,VDI AuthServer,0.9,1.5,3,0.4600000000000001,0.4140000000000001,0.6210000000000001,0.6210000000000001,1.0,1.0,0.135,0.135
B,43,B-043,2,T1578.002,VDI AuthServer,0.36,1.5,3,0.4600000000000001,0.16560000000000002,0.24840000000000004,0.15425640000000004,0.486,0.486,0.05399999999999999,0.00729
B,43,B-043,3,T1555.006,VDI Server,0.36,1.5,5,0.1,0.036,0.05399999999999999,0.008329845600000002,0.486,0.236196,0.05399999999999999,0.00039365999999999994
B,43,B-043,4,T1496.002,Business Server OnCloud,0.18,2.0,4,0.27999999999999997,0.05039999999999999,0.10079999999999999,0.0008396484364800001,0.324,0.076527504,0.036,1.4171759999999998e-05
B,44,B-044,1,T1190,VDI AuthServer,0.9,1.5,3,0.4600000000000001,0.4140000000000001,0.6210000000000001,0.6210000000000001,1.0,1.0,0.135,0.135
B,44,B-044,2,T1578.002,VDI AuthServer,0.36,1.5,3,0.4600000000000001,0.16560000000000002,0.24840000000000004,0.15425640000000004,0.486,0.486,0.05399999999999999,0.00729
B,44,B-044,3,T1555.006,VDI Server,0.36,1.5,5,0.1,0.036,0.05399999999999999,0.008329845600000002,0.486,0.236196,0.05399999999999999,0.00039365999999999994
B,44,B-044,4,T1496.004,Business Server OnCloud,0.18,2.0,4,0.27999999999999997,0.05039999999999999,0.10079999999999999,0.0008396484364800001,0.324,0.076527504,0.036,1.4171759999999998e-05
B,45,B-045,1,T1190,VDI AuthServer,0.9,1.5,3,0.4600000000000001,0.4140000000000001,0.6210000000000001,0.6210000000000001,1.0,1.0,0.135,0.135
B,45,B-045,2,T1578.002,VDI AuthServer,0.36,1.5,3,0.4600000000000001,0.16560000000000002,0.24840000000000004,0.15425640000000004,0.486,0.486,0.05399999999999999,0.00729
B,45,B-045,3,T1651,VDI Server,0.36,1.5,5,0.1,0.036,0.05399999999999999,0.008329845600000002,0.486,0.236196,0.05399999999999999,0.00039365999999999994
B,45,B-045,4,T1486,Business Server OnCloud,0.9,2.0,5,0.1,0.09000000000000001,0.18000000000000002,0.0014993722080000006,1.0,0.236196,0.18000000000000002,7.085879999999999e-05
B,46,B-046,1,T1190,VDI AuthServer,0.9,1.5,3,0.4600000000000001,0.4140000000000001,0.6210000000000001,0.6210000000000001,1.0,1.0,0.135,0.135
B,46,B-046,2,T1578.002,VDI AuthServer,0.36,1.5,3,0.4600000000000001,0.16560000000000002,0.24840000000000004,0.15425640000000004,0.486,0.486,0.05399999999999999,0.00729
B,46,B-046,3,T1651,VDI Server,0.36,1.5,5,0.1,0.036,0.05399999999999999,0.008329845600000002,0.486,0.236196,0.05399999999999999,0.00039365999999999994
B,46,B-046,4,T1496.001,Business Server OnCloud,0.72,2.0,4,0.27999999999999997,0.20159999999999997,0.40319999999999995,0.0033585937459200002,1.0,0.236196,0.144,5.668703999999999e-05
B,47,B-047,1,T1190,VDI AuthServer,0.9,1.5,3,0.4600000000000001,0.4140000000000001,0.6210000000000001,0.6210000000000001,1.0,1.0,0.135,0.135
B,47,B-047,2,T1578.002,VDI AuthServer,0.36,1.5,3,0.4600000000000001,0.16560000000000002,0.24840000000000004,0.15425640000000004,0.486,0.486,0.05399999999999999,0.00729
B,47,B-047,3,T1651,VDI Server,0.36,1.5,5,0.1,0.036,0.05399999999999999,0.008329845600000002,0.486,0.236196,0.05399999999999999,0.00039365999999999994
B,47,B-047,4,T1496.002,Business Server OnCloud,0.18,2.0,4,0.27999999999999997,0.05039999999999999,0.10079999999999999,0.0008396484364800001,0.324,0.076527504,0.036,1.4171759999999998e-05
B,48,B-048,1,T1190,VDI AuthServer,0.9,1.5,3,0.4600000000000001,0.4140000000000001,0.6210000000000001,0.6210000000000001,1.0,1.0,0.135,0.135
B,48,B-048,2,T1578.002,VDI AuthServer,0.36,1.5,3,0.4600000000000001,0.16560000000000002,0.24840000000000004,0.15425640000000004,0.486,0.486,0.05399999999999999,0.00729
B,48,B-048,3,T1651,VDI Server,0.36,1.5,5,0.1,0.036,0.05399999999999999,0.008329845600000002,0.486,0.236196,0.05399999999999999,0.00039365999999999994
B,48,B-048,4,T1496.004,Business Server OnCloud,0.18,2.0,4,0.27999999999999997,0.05039999999999999,0.10079999999999999,0.0008396484364800001,0.324,0.076527504,0.036,1.4171759999999998e-05
B,49,B-049,1,T1190,VDI AuthServer,0.9,1.5,3,0.4600000000000001,0.4140000000000001,0.6210000000000001,0.6210000000000001,1.0,1.0,0.135,0.135
B,49,B-049,2,T1578.004,VDI AuthServer,0.18,1.5,4,0.27999999999999997,0.05039999999999999,0.07559999999999999,0.0469476,0.243,0.243,0.026999999999999996,0.003645
B,49,B-049,3,T1059.009,VDI Server,0.36,1.5,5,0.1,0.036,0.05399999999999999,0.0025351703999999995,0.486,0.118098,0.05399999999999999,0.00019682999999999997
B,49,B-049,4,T1486,Business Server OnCloud,0.9,2.0,5,0.1,0.09000000000000001,0.18000000000000002,0.000456330672,1.0,0.118098,0.18000000000000002,3.5429399999999997e-05
B,50,B-050,1,T1190,VDI AuthServer,0.9,1.5,3,0.4600000000000001,0.4140000000000001,0.6210000000000001,0.6210000000000001,1.0,1.0,0.135,0.135
B,50,B-050,2,T1578.004,VDI AuthServer,0.18,1.5,4,0.27999999999999997,0.05039999999999999,0.07559999999999999,0.0469476,0.243,0.243,0.026999999999999996,0.003645
B,50,B-050,3,T1059.009,VDI Server,0.36,1.5,5,0.1,0.036,0.05399999999999999,0.0025351703999999995,0.486,0.118098,0.05399999999999999,0.00019682999999999997
B,50,B-050,4,T1496.001,Business Server OnCloud,0.72,2.0,4,0.27999999999999997,0.20159999999999997,0.40319999999999995,0.0010221807052799997,1.0,0.118098,0.144,2.8343519999999995e-05
B,51,B-051,1,T1190,VDI AuthServer,0.9,1.5,3,0.4600000000000001,0.4140000000000001,0.6210000000000001,0.6210000000000001,1.0,1.0,0.135,0.135
B,51,B-051,2,T1578.004,VDI AuthServer,0.18,1.5,4,0.27999999999999997,0.05039999999999999,0.07559999999999999,0.0469476,0.243,0.243,0.026999999999999996,0.003645
B,51,B-051,3,T1059.009,VDI Server,0.36,1.5,5,0.1,0.036,0.05399999999999999,0.0025351703999999995,0.486,0.118098,0.05399999999999999,0.00019682999999999997
B,51,B-051,4,T1496.002,Business Server OnCloud,0.18,2.0,4,0.27999999999999997,0.05039999999999999,0.10079999999999999,0.0002555451763199999,0.324,0.038263752,0.036,7.085879999999999e-06
B,52,B-052,1,T1190,VDI AuthServer,0.9,1.5,3,0.4600000000000001,0.4140000000000001,0.6210000000000001,0.6210000000000001,1.0,1.0,0.135,0.135
B,52,B-052,2,T1578.004,VDI AuthServer,0.18,1.5,4,0.27999999999999997,0.05039999999999999,0.07559999999999999,0.0469476,0.243,0.243,0.026999999999999996,0.003645
B,52,B-052,3,T1059.009,VDI Server,0.36,1.5,5,0.1,0.036,0.05399999999999999,0.0025351703999999995,0.486,0.118098,0.05399999999999999,0.00019682999999999997
B,52,B-052,4,T1496.004,Business Server OnCloud,0.18,2.0,4,0.27999999999999997,0.05039999999999999,0.10079999999999999,0.0002555451763199999,0.324,0.038263752,0.036,7.085879999999999e-06
B,53,B-053,1,T1190,VDI AuthServer,0.9,1.5,3,0.4600000000000001,0.4140000000000001,0.6210000000000001,0.6210000000000001,1.0,1.0,0.135,0.135
B,53,B-053,2,T1578.004,VDI AuthServer,0.18,1.5,4,0.27999999999999997,0.05039999999999999,0.07559999999999999,0.0469476,0.243,0.243,0.026999999999999996,0.003645
B,53,B-053,3,T1484.002,VDI Server,0.36,1.5,5,0.1,0.036,0.05399999999999999,0.0025351703999999995,0.486,0.118098,0.05399999999999999,0.00019682999999999997
B,53,B-053,4,T1486,Business Server OnCloud,0.9,2.0,5,0.1,0.09000000000000001,0.18000000000000002,0.000456330672,1.0,0.118098,0.18000000000000002,3.5429399999999997e-05
B,54,B-054,1,T1190,VDI AuthServer,0.9,1.5,3,0.4600000000000001,0.4140000000000001,0.6210000000000001,0.6210000000000001,1.0,1.0,0.135,0.135
B,54,B-054,2,T1578.004,VDI AuthServer,0.18,1.5,4,0.27999999999999997,0.05039999999999999,0.07559999999999999,0.0469476,0.243,0.243,0.026999999999999996,0.003645
B,54,B-054,3,T1484.002,VDI Server,0.36,1.5,5,0.1,0.036,0.05399999999999999,0.0025351703999999995,0.486,0.118098,0.05399999999999999,0.00019682999999999997
B,54,B-054,4,T1496.001,Business Server OnCloud,0.72,2.0,4,0.27999999999999997,0.20159999999999997,0.40319999999999995,0.0010221807052799997,1.0,0.118098,0.144,2.8343519999999995e-05
B,55,B-055,1,T1190,VDI AuthServer,0.9,1.5,3,0.4600000000000001,0.4140000000000001,0.6210000000000001,0.6210000000000001,1.0,1.0,0.135,0.135
B,55,B-055,2,T1578.004,VDI AuthServer,0.18,1.5,4,0.27999999999999997,0.05039999999999999,0.07559999999999999,0.0469476,0.243,0.243,0.026999999999999996,0.003645
B,55,B-055,3,T1484.002,VDI Server,0.36,1.5,5,0.1,0.036,0.05399999999999999,0.0025351703999999995,0.486,0.118098,0.05399999999999999,0.00019682999999999997
B,55,B-055,4,T1496.002,Business Server OnCloud,0.18,2.0,4,0.27999999999999997,0.05039999999999999,0.10079999999999999,0.0002555451763199999,0.324,0.038263752,0.036,7.085879999999999e-06
B,56,B-056,1,T1190,VDI AuthServer,0.9,1.5,3,0.4600000000000001,0.4140000000000001,0.6210000000000001,0.6210000000000001,1.0,1.0,0.135,0.135
B,56,B-056,2,T1578.004,VDI AuthServer,0.18,1.5,4,0.27999999999999997,0.05039999999999999,0.07559999999999999,0.0469476,0.243,0.243,0.026999999999999996,0.003645
B,56,B-056,3,T1484.002,VDI Server,0.36,1.5,5,0.1,0.036,0.05399999999999999,0.0025351703999999995,0.486,0.118098,0.05399999999999999,0.00019682999999999997
B,56,B-056,4,T1496.004,Business Server OnCloud,0.18,2.0,4,0.27999999999999997,0.05039999999999999,0.10079999999999999,0.0002555451763199999,0.324,0.038263752,0.036,7.085879999999999e-06
B,57,B-057,1,T1190,VDI AuthServer,0.9,1.5,3,0.4600000000000001,0.4140000000000001,0.6210000000000001,0.6210000000000001,1.0,1.0,0.135,0.135
B,57,B-057,2,T1578.004,VDI AuthServer,0.18,1.5,4,0.27999999999999997,0.05039999999999999,0.07559999999999999,0.0469476,0.243,0.243,0.026999999999999996,0.003645
B,57,B-057,3,T1555.006,VDI Server,0.36,1.5,5,0.1,0.036,0.05399999999999999,0.0025351703999999995,0.486,0.118098,0.05399999999999999,0.00019682999999999997
B,57,B-057,4,T1486,Business Server OnCloud,0.9,2.0,5,0.1,0.09000000000000001,0.18000000000000002,0.000456330672,1.0,0.118098,0.18000000000000002,3.5429399999999997e-05
B,58,B-058,1,T1190,VDI AuthServer,0.9,1.5,3,0.4600000000000001,0.4140000000000001,0.6210000000000001,0.6210000000000001,1.0,1.0,0.135,0.135
B,58,B-058,2,T1578.004,VDI AuthServer,0.18,1.5,4,0.27999999999999997,0.05039999999999999,0.07559999999999999,0.0469476,0.243,0.243,0.026999999999999996,0.003645
B,58,B-058,3,T1555.006,VDI Server,0.36,1.5,5,0.1,0.036,0.05399999999999999,0.0025351703999999995,0.486,0.118098,0.05399999999999999,0.00019682999999999997
B,58,B-058,4,T1496.001,Business Server OnCloud,0.72,2.0,4,0.27999999999999997,0.20159999999999997,0.40319999999999995,0.0010221807052799997,1.0,0.118098,0.144,2.8343519999999995e-05
B,59,B-059,1,T1190,VDI AuthServer,0.9,1.5,3,0.4600000000000001,0.4140000000000001,0.6210000000000001,0.6210000000000001,1.0,1.0,0.135,0.135
B,59,B-059,2,T1578.004,VDI AuthServer,0.18,1.5,4,0.27999999999999997,0.05039999999999999,0.07559999999999999,0.0469476,0.243,0.243,0.026999999999999996,0.003645
B,59,B-059,3,T1555.006,VDI Server,0.36,1.5,5,0.1,0.036,0.05399999999999999,0.0025351703999999995,0.486,0.118098,0.05399999999999999,0.00019682999999999997
B,59,B-059,4,T1496.002,Business Server OnCloud,0.18,2.0,4,0.27999999999999997,0.05039999999999999,0.10079999999999999,0.0002555451763199999,0.324,0.038263752,0.036,7.085879999999999e-06
B,60,B-060,1,T1190,VDI AuthServer,0.9,1.5,3,0.4600000000000001,0.4140000000000001,0.6210000000000001,0.6210000000000001,1.0,1.0,0.135,0.135
B,60,B-060,2,T1578.004,VDI AuthServer,0.18,1.5,4,0.27999999999999997,0.05039999999999999,0.07559999999999999,0.0469476,0.243,0.243,0.026999999999999996,0.003645
B,60,B-060,3,T1555.006,VDI Server,0.36,1.5,5,0.1,0.036,0.05399999999999999,0.0025351703999999995,0.486,0.118098,0.05399999999999999,0.00019682999999999997
B,60,B-060,4,T1496.004,Business Server OnCloud,0.18,2.0,4,0.27999999999999997,0.05039999999999999,0.10079999999999999,0.0002555451763199999,0.324,0.038263752,0.036,7.085879999999999e-06
B,61,B-061,1,T1190,VDI AuthServer,0.9,1.5,3,0.4600000000000001,0.4140000000000001,0.6210000000000001,0.6210000000000001,1.0,1.0,0.135,0.135
B,61,B-061,2,T1578.004,VDI AuthServer,0.18,1.5,4,0.27999999999999997,0.05039999999999999,0.07559999999999999,0.0469476,0.243,0.243,0.026999999999999996,0.003645
B,61,B-061,3,T1651,VDI Server,0.36,1.5,5,0.1,0.036,0.05399999999999999,0.0025351703999999995,0.486,0.118098,0.05399999999999999,0.00019682999999999997
B,61,B-061,4,T1486,Business Server OnCloud,0.9,2.0,5,0.1,0.09000000000000001,0.18000000000000002,0.000456330672,1.0,0.118098,0.18000000000000002,3.5429399999999997e-05
B,62,B-062,1,T1190,VDI AuthServer,0.9,1.5,3,0.4600000000000001,0.4140000000000001,0.6210000000000001,0.6210000000000001,1.0,1.0,0.135,0.135
B,62,B-062,2,T1578.004,VDI AuthServer,0.18,1.5,4,0.27999999999999997,0.05039999999999999,0.07559999999999999,0.0469476,0.243,0.243,0.026999999999999996,0.003645
B,62,B-062,3,T1651,VDI Server,0.36,1.5,5,0.1,0.036,0.05399999999999999,0.0025351703999999995,0.486,0.118098,0.05399999999999999,0.00019682999999999997
B,62,B-062,4,T1496.001,Business Server OnCloud,0.72,2.0,4,0.27999999999999997,0.20159999999999997,0.40319999999999995,0.0010221807052799997,1.0,0.118098,0.144,2.8343519999999995e-05
B,63,B-063,1,T1190,VDI AuthServer,0.9,1.5,3,0.4600000000000001,0.4140000000000001,0.6210000000000001,0.6210000000000001,1.0,1.0,0.135,0.135
B,63,B-063,2,T1578.004,VDI AuthServer,0.18,1.5,4,0.27999999999999997,0.05039999999999999,0.07559999999999999,0.0469476,0.243,0.243,0.026999999999999996,0.003645
B,63,B-063,3,T1651,VDI Server,0.36,1.5,5,0.1,0.036,0.05399999999999999,0.0025351703999999995,0.486,0.118098,0.05399999999999999,0.00019682999999999997
B,63,B-063,4,T1496.002,Business Server OnCloud,0.18,2.0,4,0.27999999999999997,0.05039999999999999,0.10079999999999999,0.0002555451763199999,0.324,0.038263752,0.036,7.085879999999999e-06
B,64,B-064,1,T1190,VDI AuthServer,0.9,1.5,3,0.4600000000000001,0.4140000000000001,0.6210000000000001,0.6210000000000001,1.0,1.0,0.135,0.135
B,64,B-064,2,T1578.004,VDI AuthServer,0.18,1.5,4,0.27999999999999997,0.05039999999999999,0.07559999999999999,0.0469476,0.243,0.243,0.026999999999999996,0.003645
B,64,B-064,3,T1651,VDI Server,0.36,1.5,5,0.1,0.036,0.05399999999999999,0.0025351703999999995,0.486,0.118098,0.05399999999999999,0.00019682999999999997
B,64,B-064,4,T1496.004,Business Server OnCloud,0.18,2.0,4,0.27999999999999997,0.05039999999999999,0.10079999999999999,0.0002555451763199999,0.324,0.038263752,0.036,7.085879999999999e-06
C,1,C-001,1,T1189,Management Console for Business Server OnCloud,0.9,2.0,5,0.1,0.09000000000000001,0.18000000000000002,0.18000000000000002,1.0,1.0,0.18000000000000002,0.18000000000000002
C,1,C-001,2,T1578.002,Update server OnCloud,0.36,1.5,3,0.4600000000000001,0.16560000000000002,0.24840000000000004,0.04471200000000001,0.486,0.486,0.05399999999999999,0.00972
C,1,C-001,3,T1651,Business Server OnCloud,0.36,2.0,5,0.1,0.036,0.072,0.0032192640000000003,0.648,0.314928,0.072,0.0006998399999999999
C,1,C-001,4,T1486,Proxy server OnCloud,0.9,2.0,5,0.1,0.09000000000000001,0.18000000000000002,0.0005794675200000002,1.0,0.314928,0.18000000000000002,0.0001259712
C,2,C-002,1,T1189,Management Console for Business Server OnCloud,0.9,2.0,5,0.1,0.09000000000000001,0.18000000000000002,0.18000000000000002,1.0,1.0,0.18000000000000002,0.18000000000000002
C,2,C-002,2,T1578.002,Update server OnCloud,0.36,1.5,3,0.4600000000000001,0.16560000000000002,0.24840000000000004,0.04471200000000001,0.486,0.486,0.05399999999999999,0.00972
C,2,C-002,3,T1651,Business Server OnCloud,0.36,2.0,5,0.1,0.036,0.072,0.0032192640000000003,0.648,0.314928,0.072,0.0006998399999999999
C,2,C-002,4,T1496.001,Proxy server OnCloud,0.72,2.0,4,0.27999999999999997,0.20159999999999997,0.40319999999999995,0.0012980072448,1.0,0.314928,0.144,0.00010077695999999997
C,3,C-003,1,T1189,Management Console for Business Server OnCloud,0.9,2.0,5,0.1,0.09000000000000001,0.18000000000000002,0.18000000000000002,1.0,1.0,0.18000000000000002,0.18000000000000002
C,3,C-003,2,T1578.002,Update server OnCloud,0.36,1.5,3,0.4600000000000001,0.16560000000000002,0.24840000000000004,0.04471200000000001,0.486,0.486,0.05399999999999999,0.00972
C,3,C-003,3,T1651,Business Server OnCloud,0.36,2.0,5,0.1,0.036,0.072,0.0032192640000000003,0.648,0.314928,0.072,0.0006998399999999999
C,3,C-003,4,T1496.004,Proxy server OnCloud,0.18,2.0,4,0.27999999999999997,0.05039999999999999,0.10079999999999999,0.0003245018112,0.324,0.102036672,0.036,2.5194239999999993e-05
C,4,C-004,1,T1189,Management Console for Business Server OnCloud,0.9,2.0,5,0.1,0.09000000000000001,0.18000000000000002,0.18000000000000002,1.0,1.0,0.18000000000000002,0.18000000000000002
C,4,C-004,2,T1578.002,Update server OnCloud,0.36,1.5,3,0.4600000000000001,0.16560000000000002,0.24840000000000004,0.04471200000000001,0.486,0.486,0.05399999999999999,0.00972
C,4,C-004,3,T1651,Business Server OnCloud,0.36,2.0,5,0.1,0.036,0.072,0.0032192640000000003,0.648,0.314928,0.072,0.0006998399999999999
C,4,C-004,4,T1496.002,Proxy server OnCloud,0.18,2.0,4,0.27999999999999997,0.05039999999999999,0.10079999999999999,0.0003245018112,0.324,0.102036672,0.036,2.5194239999999993e-05
C,5,C-005,1,T1189,Management Console for Business Server OnCloud,0.9,2.0,5,0.1,0.09000000000000001,0.18000000000000002,0.18000000000000002,1.0,1.0,0.18000000000000002,0.18000000000000002
C,5,C-005,2,T1578.002,Update server OnCloud,0.36,1.5,3,0.4600000000000001,0.16560000000000002,0.24840000000000004,0.04471200000000001,0.486,0.486,0.05399999999999999,0.00972
C,5,C-005,3,T1555.006,Business Server OnCloud,0.36,2.0,5,0.1,0.036,0.072,0.0032192640000000003,0.648,0.314928,0.072,0.0006998399999999999
C,5,C-005,4,T1486,Proxy server OnCloud,0.9,2.0,5,0.1,0.09000000000000001,0.18000000000000002,0.0005794675200000002,1.0,0.314928,0.18000000000000002,0.0001259712
C,6,C-006,1,T1189,Management Console for Business Server OnCloud,0.9,2.0,5,0.1,0.09000000000000001,0.18000000000000002,0.18000000000000002,1.0,1.0,0.18000000000000002,0.18000000000000002
C,6,C-006,2,T1578.002,Update server OnCloud,0.36,1.5,3,0.4600000000000001,0.16560000000000002,0.24840000000000004,0.04471200000000001,0.486,0.486,0.05399999999999999,0.00972
C,6,C-006,3,T1555.006,Business Server OnCloud,0.36,2.0,5,0.1,0.036,0.072,0.0032192640000000003,0.648,0.314928,0.072,0.0006998399999999999
C,6,C-006,4,T1496.001,Proxy server OnCloud,0.72,2.0,4,0.27999999999999997,0.20159999999999997,0.40319999999999995,0.0012980072448,1.0,0.314928,0.144,0.00010077695999999997
C,7,C-007,1,T1189,Management Console for Business Server OnCloud,0.9,2.0,5,0.1,0.09000000000000001,0.18000000000000002,0.18000000000000002,1.0,1.0,0.18000000000000002,0.18000000000000002
C,7,C-007,2,T1578.002,Update server OnCloud,0.36,1.5,3,0.4600000000000001,0.16560000000000002,0.24840000000000004,0.04471200000000001,0.486,0.486,0.05399999999999999,0.00972
C,7,C-007,3,T1555.006,Business Server OnCloud,0.36,2.0,5,0.1,0.036,0.072,0.0032192640000000003,0.648,0.314928,0.072,0.0006998399999999999
C,7,C-007,4,T1496.004,Proxy server OnCloud,0.18,2.0,4,0.27999999999999997,0.05039999999999999,0.10079999999999999,0.0003245018112,0.324,0.102036672,0.036,2.5194239999999993e-05
C,8,C-008,1,T1189,Management Console for Business Server OnCloud,0.9,2.0,5,0.1,0.09000000000000001,0.18000000000000002,0.18000000000000002,1.0,1.0,0.18000000000000002,0.18000000000000002
C,8,C-008,2,T1578.002,Update server OnCloud,0.36,1.5,3,0.4600000000000001,0.16560000000000002,0.24840000000000004,0.04471200000000001,0.486,0.486,0.05399999999999999,0.00972
C,8,C-008,3,T1555.006,Business Server OnCloud,0.36,2.0,5,0.1,0.036,0.072,0.0032192640000000003,0.648,0.314928,0.072,0.0006998399999999999
C,8,C-008,4,T1496.002,Proxy server OnCloud,0.18,2.0,4,0.27999999999999997,0.05039999999999999,0.10079999999999999,0.0003245018112,0.324,0.102036672,0.036,2.5194239999999993e-05
C,9,C-009,1,T1189,Management Console for Business Server OnCloud,0.9,2.0,5,0.1,0.09000000000000001,0.18000000000000002,0.18000000000000002,1.0,1.0,0.18000000000000002,0.18000000000000002
C,9,C-009,2,T1578.002,Update server OnCloud,0.36,1.5,3,0.4600000000000001,0.16560000000000002,0.24840000000000004,0.04471200000000001,0.486,0.486,0.05399999999999999,0.00972
C,9,C-009,3,T1059.009,Business Server OnCloud,0.36,2.0,5,0.1,0.036,0.072,0.0032192640000000003,0.648,0.314928,0.072,0.0006998399999999999
C,9,C-009,4,T1486,Proxy server OnCloud,0.9,2.0,5,0.1,0.09000000000000001,0.18000000000000002,0.0005794675200000002,1.0,0.314928,0.18000000000000002,0.0001259712
C,10,C-010,1,T1189,Management Console for Business Server OnCloud,0.9,2.0,5,0.1,0.09000000000000001,0.18000000000000002,0.18000000000000002,1.0,1.0,0.18000000000000002,0.18000000000000002
C,10,C-010,2,T1578.002,Update server OnCloud,0.36,1.5,3,0.4600000000000001,0.16560000000000002,0.24840000000000004,0.04471200000000001,0.486,0.486,0.05399999999999999,0.00972
C,10,C-010,3,T1059.009,Business Server OnCloud,0.36,2.0,5,0.1,0.036,0.072,0.0032192640000000003,0.648,0.314928,0.072,0.0006998399999999999
C,10,C-010,4,T1496.001,Proxy server OnCloud,0.72,2.0,4,0.27999999999999997,0.20159999999999997,0.40319999999999995,0.0012980072448,1.0,0.314928,0.144,0.00010077695999999997
C,11,C-011,1,T1189,Management Console for Business Server OnCloud,0.9,2.0,5,0.1,0.09000000000000001,0.18000000000000002,0.18000000000000002,1.0,1.0,0.18000000000000002,0.18000000000000002
C,11,C-011,2,T1578.002,Update server OnCloud,0.36,1.5,3,0.4600000000000001,0.16560000000000002,0.24840000000000004,0.04471200000000001,0.486,0.486,0.05399999999999999,0.00972
C,11,C-011,3,T1059.009,Business Server OnCloud,0.36,2.0,5,0.1,0.036,0.072,0.0032192640000000003,0.648,0.314928,0.072,0.0006998399999999999
C,11,C-011,4,T1496.004,Proxy server OnCloud,0.18,2.0,4,0.27999999999999997,0.05039999999999999,0.10079999999999999,0.0003245018112,0.324,0.102036672,0.036,2.5194239999999993e-05
C,12,C-012,1,T1189,Management Console for Business Server OnCloud,0.9,2.0,5,0.1,0.09000000000000001,0.18000000000000002,0.18000000000000002,1.0,1.0,0.18000000000000002,0.18000000000000002
C,12,C-012,2,T1578.002,Update server OnCloud,0.36,1.5,3,0.4600000000000001,0.16560000000000002,0.24840000000000004,0.04471200000000001,0.486,0.486,0.05399999999999999,0.00972
C,12,C-012,3,T1059.009,Business Server OnCloud,0.36,2.0,5,0.1,0.036,0.072,0.0032192640000000003,0.648,0.314928,0.072,0.0006998399999999999
C,12,C-012,4,T1496.002,Proxy server OnCloud,0.18,2.0,4,0.27999999999999997,0.05039999999999999,0.10079999999999999,0.0003245018112,0.324,0.102036672,0.036,2.5194239999999993e-05
C,13,C-013,1,T1189,Management Console for Business Server OnCloud,0.9,2.0,5,0.1,0.09000000000000001,0.18000000000000002,0.18000000000000002,1.0,1.0,0.18000000000000002,0.18000000000000002
C,13,C-013,2,T1578.002,Update server OnCloud,0.36,1.5,3,0.4600000000000001,0.16560000000000002,0.24840000000000004,0.04471200000000001,0.486,0.486,0.05399999999999999,0.00972
C,13,C-013,3,T1484.002,Business Server OnCloud,0.36,2.0,5,0.1,0.036,0.072,0.0032192640000000003,0.648,0.314928,0.072,0.0006998399999999999
C,13,C-013,4,T1486,Proxy server OnCloud,0.9,2.0,5,0.1,0.09000000000000001,0.18000000000000002,0.0005794675200000002,1.0,0.314928,0.18000000000000002,0.0001259712
C,14,C-014,1,T1189,Management Console for Business Server OnCloud,0.9,2.0,5,0.1,0.09000000000000001,0.18000000000000002,0.18000000000000002,1.0,1.0,0.18000000000000002,0.18000000000000002
C,14,C-014,2,T1578.002,Update server OnCloud,0.36,1.5,3,0.4600000000000001,0.16560000000000002,0.24840000000000004,0.04471200000000001,0.486,0.486,0.05399999999999999,0.00972
C,14,C-014,3,T1484.002,Business Server OnCloud,0.36,2.0,5,0.1,0.036,0.072,0.0032192640000000003,0.648,0.314928,0.072,0.0006998399999999999
C,14,C-014,4,T1496.001,Proxy server OnCloud,0.72,2.0,4,0.27999999999999997,0.20159999999999997,0.40319999999999995,0.0012980072448,1.0,0.314928,0.144,0.00010077695999999997
C,15,C-015,1,T1189,Management Console for Business Server OnCloud,0.9,2.0,5,0.1,0.09000000000000001,0.18000000000000002,0.18000000000000002,1.0,1.0,0.18000000000000002,0.18000000000000002
C,15,C-015,2,T1578.002,Update server OnCloud,0.36,1.5,3,0.4600000000000001,0.16560000000000002,0.24840000000000004,0.04471200000000001,0.486,0.486,0.05399999999999999,0.00972
C,15,C-015,3,T1484.002,Business Server OnCloud,0.36,2.0,5,0.1,0.036,0.072,0.0032192640000000003,0.648,0.314928,0.072,0.0006998399999999999
C,15,C-015,4,T1496.004,Proxy server OnCloud,0.18,2.0,4,0.27999999999999997,0.05039999999999999,0.10079999999999999,0.0003245018112,0.324,0.102036672,0.036,2.5194239999999993e-05
C,16,C-016,1,T1189,Management Console for Business Server OnCloud,0.9,2.0,5,0.1,0.09000000000000001,0.18000000000000002,0.18000000000000002,1.0,1.0,0.18000000000000002,0.18000000000000002
C,16,C-016,2,T1578.002,Update server OnCloud,0.36,1.5,3,0.4600000000000001,0.16560000000000002,0.24840000000000004,0.04471200000000001,0.486,0.486,0.05399999999999999,0.00972
C,16,C-016,3,T1484.002,Business Server OnCloud,0.36,2.0,5,0.1,0.036,0.072,0.0032192640000000003,0.648,0.314928,0.072,0.0006998399999999999
C,16,C-016,4,T1496.002,Proxy server OnCloud,0.18,2.0,4,0.27999999999999997,0.05039999999999999,0.10079999999999999,0.0003245018112,0.324,0.102036672,0.036,2.5194239999999993e-05
C,17,C-017,1,T1189,Management Console for Business Server OnCloud,0.9,2.0,5,0.1,0.09000000000000001,0.18000000000000002,0.18000000000000002,1.0,1.0,0.18000000000000002,0.18000000000000002
C,17,C-017,2,T1021.007,Update server OnCloud,0.36,1.5,5,0.1,0.036,0.05399999999999999,0.00972,0.486,0.486,0.05399999999999999,0.00972
C,17,C-017,3,T1651,Business Server OnCloud,0.36,2.0,5,0.1,0.036,0.072,0.0006998399999999999,0.648,0.314928,0.072,0.0006998399999999999
C,17,C-017,4,T1486,Proxy server OnCloud,0.9,2.0,5,0.1,0.09000000000000001,0.18000000000000002,0.0001259712,1.0,0.314928,0.18000000000000002,0.0001259712
C,18,C-018,1,T1189,Management Console for Business Server OnCloud,0.9,2.0,5,0.1,0.09000000000000001,0.18000000000000002,0.18000000000000002,1.0,1.0,0.18000000000000002,0.18000000000000002
C,18,C-018,2,T1021.007,Update server OnCloud,0.36,1.5,5,0.1,0.036,0.05399999999999999,0.00972,0.486,0.486,0.05399999999999999,0.00972
C,18,C-018,3,T1651,Business Server OnCloud,0.36,2.0,5,0.1,0.036,0.072,0.0006998399999999999,0.648,0.314928,0.072,0.0006998399999999999
C,18,C-018,4,T1496.001,Proxy server OnCloud,0.72,2.0,4,0.27999999999999997,0.20159999999999997,0.40319999999999995,0.0002821754879999999,1.0,0.314928,0.144,0.00010077695999999997
C,19,C-019,1,T1189,Management Console for Business Server OnCloud,0.9,2.0,5,0.1,0.09000000000000001,0.18000000000000002,0.18000000000000002,1.0,1.0,0.18000000000000002,0.18000000000000002
C,19,C-019,2,T1021.007,Update server OnCloud,0.36,1.5,5,0.1,0.036,0.05399999999999999,0.00972,0.486,0.486,0.05399999999999999,0.00972
C,19,C-019,3,T1651,Business Server OnCloud,0.36,2.0,5,0.1,0.036,0.072,0.0006998399999999999,0.648,0.314928,0.072,0.0006998399999999999
C,19,C-019,4,T1496.004,Proxy server OnCloud,0.18,2.0,4,0.27999999999999997,0.05039999999999999,0.10079999999999999,7.054387199999998e-05,0.324,0.102036672,0.036,2.5194239999999993e-05
C,20,C-020,1,T1189,Management Console for Business Server OnCloud,0.9,2.0,5,0.1,0.09000000000000001,0.18000000000000002,0.18000000000000002,1.0,1.0,0.18000000000000002,0.18000000000000002
C,20,C-020,2,T1021.007,Update server OnCloud,0.36,1.5,5,0.1,0.036,0.05399999999999999,0.00972,0.486,0.486,0.05399999999999999,0.00972
C,20,C-020,3,T1651,Business Server OnCloud,0.36,2.0,5,0.1,0.036,0.072,0.0006998399999999999,0.648,0.314928,0.072,0.0006998399999999999
C,20,C-020,4,T1496.002,Proxy server OnCloud,0.18,2.0,4,0.27999999999999997,0.05039999999999999,0.10079999999999999,7.054387199999998e-05,0.324,0.102036672,0.036,2.5194239999999993e-05
C,21,C-021,1,T1189,Management Console for Business Server OnCloud,0.9,2.0,5,0.1,0.09000000000000001,0.18000000000000002,0.18000000000000002,1.0,1.0,0.18000000000000002,0.18000000000000002
C,21,C-021,2,T1021.007,Update server OnCloud,0.36,1.5,5,0.1,0.036,0.05399999999999999,0.00972,0.486,0.486,0.05399999999999999,0.00972
C,21,C-021,3,T1555.006,Business Server OnCloud,0.36,2.0,5,0.1,0.036,0.072,0.0006998399999999999,0.648,0.314928,0.072,0.0006998399999999999
C,21,C-021,4,T1486,Proxy server OnCloud,0.9,2.0,5,0.1,0.09000000000000001,0.18000000000000002,0.0001259712,1.0,0.314928,0.18000000000000002,0.0001259712
C,22,C-022,1,T1189,Management Console for Business Server OnCloud,0.9,2.0,5,0.1,0.09000000000000001,0.18000000000000002,0.18000000000000002,1.0,1.0,0.18000000000000002,0.18000000000000002
C,22,C-022,2,T1021.007,Update server OnCloud,0.36,1.5,5,0.1,0.036,0.05399999999999999,0.00972,0.486,0.486,0.05399999999999999,0.00972
C,22,C-022,3,T1555.006,Business Server OnCloud,0.36,2.0,5,0.1,0.036,0.072,0.0006998399999999999,0.648,0.314928,0.072,0.0006998399999999999
C,22,C-022,4,T1496.001,Proxy server OnCloud,0.72,2.0,4,0.27999999999999997,0.20159999999999997,0.40319999999999995,0.0002821754879999999,1.0,0.314928,0.144,0.00010077695999999997
C,23,C-023,1,T1189,Management Console for Business Server OnCloud,0.9,2.0,5,0.1,0.09000000000000001,0.18000000000000002,0.18000000000000002,1.0,1.0,0.18000000000000002,0.18000000000000002
C,23,C-023,2,T1021.007,Update server OnCloud,0.36,1.5,5,0.1,0.036,0.05399999999999999,0.00972,0.486,0.486,0.05399999999999999,0.00972
C,23,C-023,3,T1555.006,Business Server OnCloud,0.36,2.0,5,0.1,0.036,0.072,0.0006998399999999999,0.648,0.314928,0.072,0.0006998399999999999
C,23,C-023,4,T1496.004,Proxy server OnCloud,0.18,2.0,4,0.27999999999999997,0.05039999999999999,0.10079999999999999,7.054387199999998e-05,0.324,0.102036672,0.036,2.5194239999999993e-05
C,24,C-024,1,T1189,Management Console for Business Server OnCloud,0.9,2.0,5,0.1,0.09000000000000001,0.18000000000000002,0.18000000000000002,1.0,1.0,0.18000000000000002,0.18000000000000002
C,24,C-024,2,T1021.007,Update server OnCloud,0.36,1.5,5,0.1,0.036,0.05399999999999999,0.00972,0.486,0.486,0.05399999999999999,0.00972
C,24,C-024,3,T1555.006,Business Server OnCloud,0.36,2.0,5,0.1,0.036,0.072,0.0006998399999999999,0.648,0.314928,0.072,0.0006998399999999999
C,24,C-024,4,T1496.002,Proxy server OnCloud,0.18,2.0,4,0.27999999999999997,0.05039999999999999,0.10079999999999999,7.054387199999998e-05,0.324,0.102036672,0.036,2.5194239999999993e-05
C,25,C-025,1,T1189,Management Console for Business Server OnCloud,0.9,2.0,5,0.1,0.09000000000000001,0.18000000000000002,0.18000000000000002,1.0,1.0,0.18000000000000002,0.18000000000000002
C,25,C-025,2,T1021.007,Update server OnCloud,0.36,1.5,5,0.1,0.036,0.05399999999999999,0.00972,0.486,0.486,0.05399999999999999,0.00972
C,25,C-025,3,T1059.009,Business Server OnCloud,0.36,2.0,5,0.1,0.036,0.072,0.0006998399999999999,0.648,0.314928,0.072,0.0006998399999999999
C,25,C-025,4,T1486,Proxy server OnCloud,0.9,2.0,5,0.1,0.09000000000000001,0.18000000000000002,0.0001259712,1.0,0.314928,0.18000000000000002,0.0001259712
C,26,C-026,1,T1189,Management Console for Business Server OnCloud,0.9,2.0,5,0.1,0.09000000000000001,0.18000000000000002,0.18000000000000002,1.0,1.0,0.18000000000000002,0.18000000000000002
C,26,C-026,2,T1021.007,Update server OnCloud,0.36,1.5,5,0.1,0.036,0.05399999999999999,0.00972,0.486,0.486,0.05399999999999999,0.00972
C,26,C-026,3,T1059.009,Business Server OnCloud,0.36,2.0,5,0.1,0.036,0.072,0.0006998399999999999,0.648,0.314928,0.072,0.0006998399999999999
C,26,C-026,4,T1496.001,Proxy server OnCloud,0.72,2.0,4,0.27999999999999997,0.20159999999999997,0.40319999999999995,0.0002821754879999999,1.0,0.314928,0.144,0.00010077695999999997
C,27,C-027,1,T1189,Management Console for Business Server OnCloud,0.9,2.0,5,0.1,0.09000000000000001,0.18000000000000002,0.18000000000000002,1.0,1.0,0.18000000000000002,0.18000000000000002
C,27,C-027,2,T1021.007,Update server OnCloud,0.36,1.5,5,0.1,0.036,0.05399999999999999,0.00972,0.486,0.486,0.05399999999999999,0.00972
C,27,C-027,3,T1059.009,Business Server OnCloud,0.36,2.0,5,0.1,0.036,0.072,0.0006998399999999999,0.648,0.314928,0.072,0.0006998399999999999
C,27,C-027,4,T1496.004,Proxy server OnCloud,0.18,2.0,4,0.27999999999999997,0.05039999999999999,0.10079999999999999,7.054387199999998e-05,0.324,0.102036672,0.036,2.5194239999999993e-05
C,28,C-028,1,T1189,Management Console for Business Server OnCloud,0.9,2.0,5,0.1,0.09000000000000001,0.18000000000000002,0.18000000000000002,1.0,1.0,0.18000000000000002,0.18000000000000002
C,28,C-028,2,T1021.007,Update server OnCloud,0.36,1.5,5,0.1,0.036,0.05399999999999999,0.00972,0.486,0.486,0.05399999999999999,0.00972
C,28,C-028,3,T1059.009,Business Server OnCloud,0.36,2.0,5,0.1,0.036,0.072,0.0006998399999999999,0.648,0.314928,0.072,0.0006998399999999999
C,28,C-028,4,T1496.002,Proxy server OnCloud,0.18,2.0,4,0.27999999999999997,0.05039999999999999,0.10079999999999999,7.054387199999998e-05,0.324,0.102036672,0.036,2.5194239999999993e-05
C,29,C-029,1,T1189,Management Console for Business Server OnCloud,0.9,2.0,5,0.1,0.09000000000000001,0.18000000000000002,0.18000000000000002,1.0,1.0,0.18000000000000002,0.18000000000000002
C,29,C-029,2,T1021.007,Update server OnCloud,0.36,1.5,5,0.1,0.036,0.05399999999999999,0.00972,0.486,0.486,0.05399999999999999,0.00972
C,29,C-029,3,T1484.002,Business Server OnCloud,0.36,2.0,5,0.1,0.036,0.072,0.0006998399999999999,0.648,0.314928,0.072,0.0006998399999999999
C,29,C-029,4,T1486,Proxy server OnCloud,0.9,2.0,5,0.1,0.09000000000000001,0.18000000000000002,0.0001259712,1.0,0.314928,0.18000000000000002,0.0001259712
C,30,C-030,1,T1189,Management Console for Business Server OnCloud,0.9,2.0,5,0.1,0.09000000000000001,0.18000000000000002,0.18000000000000002,1.0,1.0,0.18000000000000002,0.18000000000000002
C,30,C-030,2,T1021.007,Update server OnCloud,0.36,1.5,5,0.1,0.036,0.05399999999999999,0.00972,0.486,0.486,0.05399999999999999,0.00972
C,30,C-030,3,T1484.002,Business Server OnCloud,0.36,2.0,5,0.1,0.036,0.072,0.0006998399999999999,0.648,0.314928,0.072,0.0006998399999999999
C,30,C-030,4,T1496.001,Proxy server OnCloud,0.72,2.0,4,0.27999999999999997,0.20159999999999997,0.40319999999999995,0.0002821754879999999,1.0,0.314928,0.144,0.00010077695999999997
C,31,C-031,1,T1189,Management Console for Business Server OnCloud,0.9,2.0,5,0.1,0.09000000000000001,0.18000000000000002,0.18000000000000002,1.0,1.0,0.18000000000000002,0.18000000000000002
C,31,C-031,2,T1021.007,Update server OnCloud,0.36,1.5,5,0.1,0.036,0.05399999999999999,0.00972,0.486,0.486,0.05399999999999999,0.00972
C,31,C-031,3,T1484.002,Business Server OnCloud,0.36,2.0,5,0.1,0.036,0.072,0.0006998399999999999,0.648,0.314928,0.072,0.0006998399999999999
C,31,C-031,4,T1496.004,Proxy server OnCloud,0.18,2.0,4,0.27999999999999997,0.05039999999999999,0.10079999999999999,7.054387199999998e-05,0.324,0.102036672,0.036,2.5194239999999993e-05
C,32,C-032,1,T1189,Management Console for Business Server OnCloud,0.9,2.0,5,0.1,0.09000000000000001,0.18000000000000002,0.18000000000000002,1.0,1.0,0.18000000000000002,0.18000000000000002
C,32,C-032,2,T1021.007,Update server OnCloud,0.36,1.5,5,0.1,0.036,0.05399999999999999,0.00972,0.486,0.486,0.05399999999999999,0.00972
C,32,C-032,3,T1484.002,Business Server OnCloud,0.36,2.0,5,0.1,0.036,0.072,0.0006998399999999999,0.648,0.314928,0.072,0.0006998399999999999
C,32,C-032,4,T1496.002,Proxy server OnCloud,0.18,2.0,4,0.27999999999999997,0.05039999999999999,0.10079999999999999,7.054387199999998e-05,0.324,0.102036672,0.036,2.5194239999999993e-05
C,33,C-033,1,T1189,Management Console for Business Server OnCloud,0.9,2.0,5,0.1,0.09000000000000001,0.18000000000000002,0.18000000000000002,1.0,1.0,0.18000000000000002,0.18000000000000002
C,33,C-033,2,T1484.002,Update server OnCloud,0.36,1.5,5,0.1,0.036,0.05399999999999999,0.00972,0.486,0.486,0.05399999999999999,0.00972
C,33,C-033,3,T1651,Business Server OnCloud,0.36,2.0,5,0.1,0.036,0.072,0.0006998399999999999,0.648,0.314928,0.072,0.0006998399999999999
C,33,C-033,4,T1486,Proxy server OnCloud,0.9,2.0,5,0.1,0.09000000000000001,0.18000000000000002,0.0001259712,1.0,0.314928,0.18000000000000002,0.0001259712
C,34,C-034,1,T1189,Management Console for Business Server OnCloud,0.9,2.0,5,0.1,0.09000000000000001,0.18000000000000002,0.18000000000000002,1.0,1.0,0.18000000000000002,0.18000000000000002
C,34,C-034,2,T1484.002,Update server OnCloud,0.36,1.5,5,0.1,0.036,0.05399999999999999,0.00972,0.486,0.486,0.05399999999999999,0.00972
C,34,C-034,3,T1651,Business Server OnCloud,0.36,2.0,5,0.1,0.036,0.072,0.0006998399999999999,0.648,0.314928,0.072,0.0006998399999999999
C,34,C-034,4,T1496.001,Proxy server OnCloud,0.72,2.0,4,0.27999999999999997,0.20159999999999997,0.40319999999999995,0.0002821754879999999,1.0,0.314928,0.144,0.00010077695999999997
C,35,C-035,1,T1189,Management Console for Business Server OnCloud,0.9,2.0,5,0.1,0.09000000000000001,0.18000000000000002,0.18000000000000002,1.0,1.0,0.18000000000000002,0.18000000000000002
C,35,C-035,2,T1484.002,Update server OnCloud,0.36,1.5,5,0.1,0.036,0.05399999999999999,0.00972,0.486,0.486,0.05399999999999999,0.00972
C,35,C-035,3,T1651,Business Server OnCloud,0.36,2.0,5,0.1,0.036,0.072,0.0006998399999999999,0.648,0.314928,0.072,0.0006998399999999999
C,35,C-035,4,T1496.004,Proxy server OnCloud,0.18,2.0,4,0.27999999999999997,0.05039999999999999,0.10079999999999999,7.054387199999998e-05,0.324,0.102036672,0.036,2.5194239999999993e-05
C,36,C-036,1,T1189,Management Console for Business Server OnCloud,0.9,2.0,5,0.1,0.09000000000000001,0.18000000000000002,0.18000000000000002,1.0,1.0,0.18000000000000002,0.18000000000000002
C,36,C-036,2,T1484.002,Update server OnCloud,0.36,1.5,5,0.1,0.036,0.05399999999999999,0.00972,0.486,0.486,0.05399999999999999,0.00972
C,36,C-036,3,T1651,Business Server OnCloud,0.36,2.0,5,0.1,0.036,0.072,0.0006998399999999999,0.648,0.314928,0.072,0.0006998399999999999
C,36,C-036,4,T1496.002,Proxy server OnCloud,0.18,2.0,4,0.27999999999999997,0.05039999999999999,0.10079999999999999,7.054387199999998e-05,0.324,0.102036672,0.036,2.5194239999999993e-05
C,37,C-037,1,T1189,Management Console for Business Server OnCloud,0.9,2.0,5,0.1,0.09000000000000001,0.18000000000000002,0.18000000000000002,1.0,1.0,0.18000000000000002,0.18000000000000002
C,37,C-037,2,T1484.002,Update server OnCloud,0.36,1.5,5,0.1,0.036,0.05399999999999999,0.00972,0.486,0.486,0.05399999999999999,0.00972
C,37,C-037,3,T1555.006,Business Server OnCloud,0.36,2.0,5,0.1,0.036,0.072,0.0006998399999999999,0.648,0.314928,0.072,0.0006998399999999999
C,37,C-037,4,T1486,Proxy server OnCloud,0.9,2.0,5,0.1,0.09000000000000001,0.18000000000000002,0.0001259712,1.0,0.314928,0.18000000000000002,0.0001259712
C,38,C-038,1,T1189,Management Console for Business Server OnCloud,0.9,2.0,5,0.1,0.09000000000000001,0.18000000000000002,0.18000000000000002,1.0,1.0,0.18000000000000002,0.18000000000000002
C,38,C-038,2,T1484.002,Update server OnCloud,0.36,1.5,5,0.1,0.036,0.05399999999999999,0.00972,0.486,0.486,0.05399999999999999,0.00972
C,38,C-038,3,T1555.006,Business Server OnCloud,0.36,2.0,5,0.1,0.036,0.072,0.0006998399999999999,0.648,0.314928,0.072,0.0006998399999999999
C,38,C-038,4,T1496.001,Proxy server OnCloud,0.72,2.0,4,0.27999999999999997,0.20159999999999997,0.40319999999999995,0.0002821754879999999,1.0,0.314928,0.144,0.00010077695999999997
C,39,C-039,1,T1189,Management Console for Business Server OnCloud,0.9,2.0,5,0.1,0.09000000000000001,0.18000000000000002,0.18000000000000002,1.0,1.0,0.18000000000000002,0.18000000000000002
C,39,C-039,2,T1484.002,Update server OnCloud,0.36,1.5,5,0.1,0.036,0.05399999999999999,0.00972,0.486,0.486,0.05399999999999999,0.00972
C,39,C-039,3,T1555.006,Business Server OnCloud,0.36,2.0,5,0.1,0.036,0.072,0.0006998399999999999,0.648,0.314928,0.072,0.0006998399999999999
C,39,C-039,4,T1496.004,Proxy server OnCloud,0.18,2.0,4,0.27999999999999997,0.05039999999999999,0.10079999999999999,7.054387199999998e-05,0.324,0.102036672,0.036,2.5194239999999993e-05
C,40,C-040,1,T1189,Management Console for Business Server OnCloud,0.9,2.0,5,0.1,0.09000000000000001,0.18000000000000002,0.18000000000000002,1.0,1.0,0.18000000000000002,0.18000000000000002
C,40,C-040,2,T1484.002,Update server OnCloud,0.36,1.5,5,0.1,0.036,0.05399999999999999,0.00972,0.486,0.486,0.05399999999999999,0.00972
C,40,C-040,3,T1555.006,Business Server OnCloud,0.36,2.0,5,0.1,0.036,0.072,0.0006998399999999999,0.648,0.314928,0.072,0.0006998399999999999
C,40,C-040,4,T1496.002,Proxy server OnCloud,0.18,2.0,4,0.27999999999999997,0.05039999999999999,0.10079999999999999,7.054387199999998e-05,0.324,0.102036672,0.036,2.5194239999999993e-05
C,41,C-041,1,T1189,Management Console for Business Server OnCloud,0.9,2.0,5,0.1,0.09000000000000001,0.18000000000000002,0.18000000000000002,1.0,1.0,0.18000000000000002,0.18000000000000002
C,41,C-041,2,T1484.002,Update server OnCloud,0.36,1.5,5,0.1,0.036,0.05399999999999999,0.00972,0.486,0.486,0.05399999999999999,0.00972
C,41,C-041,3,T1059.009,Business Server OnCloud,0.36,2.0,5,0.1,0.036,0.072,0.0006998399999999999,0.648,0.314928,0.072,0.0006998399999999999
C,41,C-041,4,T1486,Proxy server OnCloud,0.9,2.0,5,0.1,0.09000000000000001,0.18000000000000002,0.0001259712,1.0,0.314928,0.18000000000000002,0.0001259712
C,42,C-042,1,T1189,Management Console for Business Server OnCloud,0.9,2.0,5,0.1,0.09000000000000001,0.18000000000000002,0.18000000000000002,1.0,1.0,0.18000000000000002,0.18000000000000002
C,42,C-042,2,T1484.002,Update server OnCloud,0.36,1.5,5,0.1,0.036,0.05399999999999999,0.00972,0.486,0.486,0.05399999999999999,0.00972
C,42,C-042,3,T1059.009,Business Server OnCloud,0.36,2.0,5,0.1,0.036,0.072,0.0006998399999999999,0.648,0.314928,0.072,0.0006998399999999999
C,42,C-042,4,T1496.001,Proxy server OnCloud,0.72,2.0,4,0.27999999999999997,0.20159999999999997,0.40319999999999995,0.0002821754879999999,1.0,0.314928,0.144,0.00010077695999999997
C,43,C-043,1,T1189,Management Console for Business Server OnCloud,0.9,2.0,5,0.1,0.09000000000000001,0.18000000000000002,0.18000000000000002,1.0,1.0,0.18000000000000002,0.18000000000000002
C,43,C-043,2,T1484.002,Update server OnCloud,0.36,1.5,5,0.1,0.036,0.05399999999999999,0.00972,0.486,0.486,0.05399999999999999,0.00972
C,43,C-043,3,T1059.009,Business Server OnCloud,0.36,2.0,5,0.1,0.036,0.072,0.0006998399999999999,0.648,0.314928,0.072,0.0006998399999999999
C,43,C-043,4,T1496.004,Proxy server OnCloud,0.18,2.0,4,0.27999999999999997,0.05039999999999999,0.10079999999999999,7.054387199999998e-05,0.324,0.102036672,0.036,2.5194239999999993e-05
C,44,C-044,1,T1189,Management Console for Business Server OnCloud,0.9,2.0,5,0.1,0.09000000000000001,0.18000000000000002,0.18000000000000002,1.0,1.0,0.18000000000000002,0.18000000000000002
C,44,C-044,2,T1484.002,Update server OnCloud,0.36,1.5,5,0.1,0.036,0.05399999999999999,0.00972,0.486,0.486,0.05399999999999999,0.00972
C,44,C-044,3,T1059.009,Business Server OnCloud,0.36,2.0,5,0.1,0.036,0.072,0.0006998399999999999,0.648,0.314928,0.072,0.0006998399999999999
C,44,C-044,4,T1496.002,Proxy server OnCloud,0.18,2.0,4,0.27999999999999997,0.05039999999999999,0.10079999999999999,7.054387199999998e-05,0.324,0.102036672,0.036,2.5194239999999993e-05
C,45,C-045,1,T1189,Management Console for Business Server OnCloud,0.9,2.0,5,0.1,0.09000000000000001,0.18000000000000002,0.18000000000000002,1.0,1.0,0.18000000000000002,0.18000000000000002
C,45,C-045,2,T1484.002,Update server OnCloud,0.36,1.5,5,0.1,0.036,0.05399999999999999,0.00972,0.486,0.486,0.05399999999999999,0.00972
C,45,C-045,3,T1484.002,Business Server OnCloud,0.36,2.0,5,0.1,0.036,0.072,0.0006998399999999999,0.648,0.314928,0.072,0.0006998399999999999
C,45,C-045,4,T1486,Proxy server OnCloud,0.9,2.0,5,0.1,0.09000000000000001,0.18000000000000002,0.0001259712,1.0,0.314928,0.18000000000000002,0.0001259712
C,46,C-046,1,T1189,Management Console for Business Server OnCloud,0.9,2.0,5,0.1,0.09000000000000001,0.18000000000000002,0.18000000000000002,1.0,1.0,0.18000000000000002,0.18000000000000002
C,46,C-046,2,T1484.002,Update server OnCloud,0.36,1.5,5,0.1,0.036,0.05399999999999999,0.00972,0.486,0.486,0.05399999999999999,0.00972
C,46,C-046,3,T1484.002,Business Server OnCloud,0.36,2.0,5,0.1,0.036,0.072,0.0006998399999999999,0.648,0.314928,0.072,0.0006998399999999999
C,46,C-046,4,T1496.001,Proxy server OnCloud,0.72,2.0,4,0.27999999999999997,0.20159999999999997,0.40319999999999995,0.0002821754879999999,1.0,0.314928,0.144,0.00010077695999999997
C,47,C-047,1,T1189,Management Console for Business Server OnCloud,0.9,2.0,5,0.1,0.09000000000000001,0.18000000000000002,0.18000000000000002,1.0,1.0,0.18000000000000002,0.18000000000000002
C,47,C-047,2,T1484.002,Update server OnCloud,0.36,1.5,5,0.1,0.036,0.05399999999999999,0.00972,0.486,0.486,0.05399999999999999,0.00972
C,47,C-047,3,T1484.002,Business Server OnCloud,0.36,2.0,5,0.1,0.036,0.072,0.0006998399999999999,0.648,0.314928,0.072,0.0006998399999999999
C,47,C-047,4,T1496.004,Proxy server OnCloud,0.18,2.0,4,0.27999999999999997,0.05039999999999999,0.10079999999999999,7.054387199999998e-05,0.324,0.102036672,0.036,2.5194239999999993e-05
C,48,C-048,1,T1189,Management Console for Business Server OnCloud,0.9,2.0,5,0.1,0.09000000000000001,0.18000000000000002,0.18000000000000002,1.0,1.0,0.18000000000000002,0.18000000000000002
C,48,C-048,2,T1484.002,Update server OnCloud,0.36,1.5,5,0.1,0.036,0.05399999999999999,0.00972,0.486,0.486,0.05399999999999999,0.00972
C,48,C-048,3,T1484.002,Business Server OnCloud,0.36,2.0,5,0.1,0.036,0.072,0.0006998399999999999,0.648,0.314928,0.072,0.0006998399999999999
C,48,C-048,4,T1496.002,Proxy server OnCloud,0.18,2.0,4,0.27999999999999997,0.05039999999999999,0.10079999999999999,7.054387199999998e-05,0.324,0.102036672,0.036,2.5194239999999993e-05
C,49,C-049,1,T1189,Management Console for Business Server OnCloud,0.9,2.0,5,0.1,0.09000000000000001,0.18000000000000002,0.18000000000000002,1.0,1.0,0.18000000000000002,0.18000000000000002
C,49,C-049,2,T1578.004,Update server OnCloud,0.18,1.5,4,0.27999999999999997,0.05039999999999999,0.07559999999999999,0.013607999999999999,0.243,0.243,0.026999999999999996,0.00486
C,49,C-049,3,T1651,Business Server OnCloud,0.36,2.0,5,0.1,0.036,0.072,0.000979776,0.648,0.157464,0.072,0.00034991999999999993
C,49,C-049,4,T1486,Proxy server OnCloud,0.9,2.0,5,0.1,0.09000000000000001,0.18000000000000002,0.00017635968,1.0,0.157464,0.18000000000000002,6.29856e-05
C,50,C-050,1,T1189,Management Console for Business Server OnCloud,0.9,2.0,5,0.1,0.09000000000000001,0.18000000000000002,0.18000000000000002,1.0,1.0,0.18000000000000002,0.18000000000000002
C,50,C-050,2,T1578.004,Update server OnCloud,0.18,1.5,4,0.27999999999999997,0.05039999999999999,0.07559999999999999,0.013607999999999999,0.243,0.243,0.026999999999999996,0.00486
C,50,C-050,3,T1651,Business Server OnCloud,0.36,2.0,5,0.1,0.036,0.072,0.000979776,0.648,0.157464,0.072,0.00034991999999999993
C,50,C-050,4,T1496.001,Proxy server OnCloud,0.72,2.0,4,0.27999999999999997,0.20159999999999997,0.40319999999999995,0.0003950456831999999,1.0,0.157464,0.144,5.0388479999999986e-05
C,51,C-051,1,T1189,Management Console for Business Server OnCloud,0.9,2.0,5,0.1,0.09000000000000001,0.18000000000000002,0.18000000000000002,1.0,1.0,0.18000000000000002,0.18000000000000002
C,51,C-051,2,T1578.004,Update server OnCloud,0.18,1.5,4,0.27999999999999997,0.05039999999999999,0.07559999999999999,0.013607999999999999,0.243,0.243,0.026999999999999996,0.00486
C,51,C-051,3,T1651,Business Server OnCloud,0.36,2.0,5,0.1,0.036,0.072,0.000979776,0.648,0.157464,0.072,0.00034991999999999993
C,51,C-051,4,T1496.004,Proxy server OnCloud,0.18,2.0,4,0.27999999999999997,0.05039999999999999,0.10079999999999999,9.876142079999997e-05,0.324,0.051018336,0.036,1.2597119999999996e-05
C,52,C-052,1,T1189,Management Console for Business Server OnCloud,0.9,2.0,5,0.1,0.09000000000000001,0.18000000000000002,0.18000000000000002,1.0,1.0,0.18000000000000002,0.18000000000000002
C,52,C-052,2,T1578.004,Update server OnCloud,0.18,1.5,4,0.27999999999999997,0.05039999999999999,0.07559999999999999,0.013607999999999999,0.243,0.243,0.026999999999999996,0.00486
C,52,C-052,3,T1651,Business Server OnCloud,0.36,2.0,5,0.1,0.036,0.072,0.000979776,0.648,0.157464,0.072,0.00034991999999999993
C,52,C-052,4,T1496.002,Proxy server OnCloud,0.18,2.0,4,0.27999999999999997,0.05039999999999999,0.10079999999999999,9.876142079999997e-05,0.324,0.051018336,0.036,1.2597119999999996e-05
C,53,C-053,1,T1189,Management Console for Business Server OnCloud,0.9,2.0,5,0.1,0.09000000000000001,0.18000000000000002,0.18000000000000002,1.0,1.0,0.18000000000000002,0.18000000000000002
C,53,C-053,2,T1578.004,Update server OnCloud,0.18,1.5,4,0.27999999999999997,0.05039999999999999,0.07559999999999999,0.013607999999999999,0.243,0.243,0.026999999999999996,0.00486
C,53,C-053,3,T1555.006,Business Server OnCloud,0.36,2.0,5,0.1,0.036,0.072,0.000979776,0.648,0.157464,0.072,0.00034991999999999993
C,53,C-053,4,T1486,Proxy server OnCloud,0.9,2.0,5,0.1,0.09000000000000001,0.18000000000000002,0.00017635968,1.0,0.157464,0.18000000000000002,6.29856e-05
C,54,C-054,1,T1189,Management Console for Business Server OnCloud,0.9,2.0,5,0.1,0.09000000000000001,0.18000000000000002,0.18000000000000002,1.0,1.0,0.18000000000000002,0.18000000000000002
C,54,C-054,2,T1578.004,Update server OnCloud,0.18,1.5,4,0.27999999999999997,0.05039999999999999,0.07559999999999999,0.013607999999999999,0.243,0.243,0.026999999999999996,0.00486
C,54,C-054,3,T1555.006,Business Server OnCloud,0.36,2.0,5,0.1,0.036,0.072,0.000979776,0.648,0.157464,0.072,0.00034991999999999993
C,54,C-054,4,T1496.001,Proxy server OnCloud,0.72,2.0,4,0.27999999999999997,0.20159999999999997,0.40319999999999995,0.0003950456831999999,1.0,0.157464,0.144,5.0388479999999986e-05
C,55,C-055,1,T1189,Management Console for Business Server OnCloud,0.9,2.0,5,0.1,0.09000000000000001,0.18000000000000002,0.18000000000000002,1.0,1.0,0.18000000000000002,0.18000000000000002
C,55,C-055,2,T1578.004,Update server OnCloud,0.18,1.5,4,0.27999999999999997,0.05039999999999999,0.07559999999999999,0.013607999999999999,0.243,0.243,0.026999999999999996,0.00486
C,55,C-055,3,T1555.006,Business Server OnCloud,0.36,2.0,5,0.1,0.036,0.072,0.000979776,0.648,0.157464,0.072,0.00034991999999999993
C,55,C-055,4,T1496.004,Proxy server OnCloud,0.18,2.0,4,0.27999999999999997,0.05039999999999999,0.10079999999999999,9.876142079999997e-05,0.324,0.051018336,0.036,1.2597119999999996e-05
C,56,C-056,1,T1189,Management Console for Business Server OnCloud,0.9,2.0,5,0.1,0.09000000000000001,0.18000000000000002,0.18000000000000002,1.0,1.0,0.18000000000000002,0.18000000000000002
C,56,C-056,2,T1578.004,Update server OnCloud,0.18,1.5,4,0.27999999999999997,0.05039999999999999,0.07559999999999999,0.013607999999999999,0.243,0.243,0.026999999999999996,0.00486
C,56,C-056,3,T1555.006,Business Server OnCloud,0.36,2.0,5,0.1,0.036,0.072,0.000979776,0.648,0.157464,0.072,0.00034991999999999993
C,56,C-056,4,T1496.002,Proxy server OnCloud,0.18,2.0,4,0.27999999999999997,0.05039999999999999,0.10079999999999999,9.876142079999997e-05,0.324,0.051018336,0.036,1.2597119999999996e-05
C,57,C-057,1,T1189,Management Console for Business Server OnCloud,0.9,2.0,5,0.1,0.09000000000000001,0.18000000000000002,0.18000000000000002,1.0,1.0,0.18000000000000002,0.18000000000000002
C,57,C-057,2,T1578.004,Update server OnCloud,0.18,1.5,4,0.27999999999999997,0.05039999999999999,0.07559999999999999,0.013607999999999999,0.243,0.243,0.026999999999999996,0.00486
C,57,C-057,3,T1059.009,Business Server OnCloud,0.36,2.0,5,0.1,0.036,0.072,0.000979776,0.648,0.157464,0.072,0.00034991999999999993
C,57,C-057,4,T1486,Proxy server OnCloud,0.9,2.0,5,0.1,0.09000000000000001,0.18000000000000002,0.00017635968,1.0,0.157464,0.18000000000000002,6.29856e-05
C,58,C-058,1,T1189,Management Console for Business Server OnCloud,0.9,2.0,5,0.1,0.09000000000000001,0.18000000000000002,0.18000000000000002,1.0,1.0,0.18000000000000002,0.18000000000000002
C,58,C-058,2,T1578.004,Update server OnCloud,0.18,1.5,4,0.27999999999999997,0.05039999999999999,0.07559999999999999,0.013607999999999999,0.243,0.243,0.026999999999999996,0.00486
C,58,C-058,3,T1059.009,Business Server OnCloud,0.36,2.0,5,0.1,0.036,0.072,0.000979776,0.648,0.157464,0.072,0.00034991999999999993
C,58,C-058,4,T1496.001,Proxy server OnCloud,0.72,2.0,4,0.27999999999999997,0.20159999999999997,0.40319999999999995,0.0003950456831999999,1.0,0.157464,0.144,5.0388479999999986e-05
C,59,C-059,1,T1189,Management Console for Business Server OnCloud,0.9,2.0,5,0.1,0.09000000000000001,0.18000000000000002,0.18000000000000002,1.0,1.0,0.18000000000000002,0.18000000000000002
C,59,C-059,2,T1578.004,Update server OnCloud,0.18,1.5,4,0.27999999999999997,0.05039999999999999,0.07559999999999999,0.013607999999999999,0.243,0.243,0.026999999999999996,0.00486
C,59,C-059,3,T1059.009,Business Server OnCloud,0.36,2.0,5,0.1,0.036,0.072,0.000979776,0.648,0.157464,0.072,0.00034991999999999993
C,59,C-059,4,T1496.004,Proxy server OnCloud,0.18,2.0,4,0.27999999999999997,0.05039999999999999,0.10079999999999999,9.876142079999997e-05,0.324,0.051018336,0.036,1.2597119999999996e-05
C,60,C-060,1,T1189,Management Console for Business Server OnCloud,0.9,2.0,5,0.1,0.09000000000000001,0.18000000000000002,0.18000000000000002,1.0,1.0,0.18000000000000002,0.18000000000000002
C,60,C-060,2,T1578.004,Update server OnCloud,0.18,1.5,4,0.27999999999999997,0.05039999999999999,0.07559999999999999,0.013607999999999999,0.243,0.243,0.026999999999999996,0.00486
C,60,C-060,3,T1059.009,Business Server OnCloud,0.36,2.0,5,0.1,0.036,0.072,0.000979776,0.648,0.157464,0.072,0.00034991999999999993
C,60,C-060,4,T1496.002,Proxy server OnCloud,0.18,2.0,4,0.27999999999999997,0.05039999999999999,0.10079999999999999,9.876142079999997e-05,0.324,0.051018336,0.036,1.2597119999999996e-05
C,61,C-061,1,T1189,Management Console for Business Server OnCloud,0.9,2.0,5,0.1,0.09000000000000001,0.18000000000000002,0.18000000000000002,1.0,1.0,0.18000000000000002,0.18000000000000002
C,61,C-061,2,T1578.004,Update server OnCloud,0.18,1.5,4,0.27999999999999997,0.05039999999999999,0.07559999999999999,0.013607999999999999,0.243,0.243,0.026999999999999996,0.00486
C,61,C-061,3,T1484.002,Business Server OnCloud,0.36,2.0,5,0.1,0.036,0.072,0.000979776,0.648,0.157464,0.072,0.00034991999999999993
C,61,C-061,4,T1486,Proxy server OnCloud,0.9,2.0,5,0.1,0.09000000000000001,0.18000000000000002,0.00017635968,1.0,0.157464,0.18000000000000002,6.29856e-05
C,62,C-062,1,T1189,Management Console for Business Server OnCloud,0.9,2.0,5,0.1,0.09000000000000001,0.18000000000000002,0.18000000000000002,1.0,1.0,0.18000000000000002,0.18000000000000002
C,62,C-062,2,T1578.004,Update server OnCloud,0.18,1.5,4,0.27999999999999997,0.05039999999999999,0.07559999999999999,0.013607999999999999,0.243,0.243,0.026999999999999996,0.00486
C,62,C-062,3,T1484.002,Business Server OnCloud,0.36,2.0,5,0.1,0.036,0.072,0.000979776,0.648,0.157464,0.072,0.00034991999999999993
C,62,C-062,4,T1496.001,Proxy server OnCloud,0.72,2.0,4,0.27999999999999997,0.20159999999999997,0.40319999999999995,0.0003950456831999999,1.0,0.157464,0.144,5.0388479999999986e-05
C,63,C-063,1,T1189,Management Console for Business Server OnCloud,0.9,2.0,5,0.1,0.09000000000000001,0.18000000000000002,0.18000000000000002,1.0,1.0,0.18000000000000002,0.18000000000000002
C,63,C-063,2,T1578.004,Update server OnCloud,0.18,1.5,4,0.27999999999999997,0.05039999999999999,0.07559999999999999,0.013607999999999999,0.243,0.243,0.026999999999999996,0.00486
C,63,C-063,3,T1484.002,Business Server OnCloud,0.36,2.0,5,0.1,0.036,0.072,0.000979776,0.648,0.157464,0.072,0.00034991999999999993
C,63,C-063,4,T1496.004,Proxy server OnCloud,0.18,2.0,4,0.27999999999999997,0.05039999999999999,0.10079999999999999,9.876142079999997e-05,0.324,0.051018336,0.036,1.2597119999999996e-05
C,64,C-064,1,T1189,Management Console for Business Server OnCloud,0.9,2.0,5,0.1,0.09000000000000001,0.18000000000000002,0.18000000000000002,1.0,1.0,0.18000000000000002,0.18000000000000002
C,64,C-064,2,T1578.004,Update server OnCloud,0.18,1.5,4,0.27999999999999997,0.05039999999999999,0.07559999999999999,0.013607999999999999,0.243,0.243,0.026999999999999996,0.00486
C,64,C-064,3,T1484.002,Business Server OnCloud,0.36,2.0,5,0.1,0.036,0.072,0.000979776,0.648,0.157464,0.072,0.00034991999999999993
C,64,C-064,4,T1496.002,Proxy server OnCloud,0.18,2.0,4,0.27999999999999997,0.05039999999999999,0.10079999999999999,9.876142079999997e-05,0.324,0.051018336,0.036,1.2597119999999996e-05
D,1,D-001,1,T1566.002,DeskTop OnPremise,0.9,1.35,3,0.4600000000000001,0.4140000000000001,0.5589000000000002,0.5589000000000002,1.0,1.0,0.12150000000000002,0.12150000000000002
D,1,D-001,2,T1578.002,VDI AuthServer,0.36,1.5,3,0.4600000000000001,0.16560000000000002,0.24840000000000004,0.13883076000000005,0.486,0.486,0.05399999999999999,0.006561
D,1,D-001,3,T1651,VDI Server,0.36,1.5,5,0.1,0.036,0.05399999999999999,0.007496861040000002,0.486,0.236196,0.05399999999999999,0.00035429399999999995
D,1,D-001,4,T1486,Business Server OnCloud,0.9,2.0,5,0.1,0.09000000000000001,0.18000000000000002,0.0013494349872000006,1.0,0.236196,0.18000000000000002,6.377292e-05
D,2,D-002,1,T1566.002,DeskTop OnPremise,0.9,1.35,3,0.4600000000000001,0.4140000000000001,0.5589000000000002,0.5589000000000002,1.0,1.0,0.12150000000000002,0.12150000000000002
D,2,D-002,2,T1578.002,VDI AuthServer,0.36,1.5,3,0.4600000000000001,0.16560000000000002,0.24840000000000004,0.13883076000000005,0.486,0.486,0.05399999999999999,0.006561
D,2,D-002,3,T1651,VDI Server,0.36,1.5,5,0.1,0.036,0.05399999999999999,0.007496861040000002,0.486,0.236196,0.05399999999999999,0.00035429399999999995
D,2,D-002,4,T1496.001,Business Server OnCloud,0.72,2.0,4,0.27999999999999997,0.20159999999999997,0.40319999999999995,0.0030227343713280005,1.0,0.236196,0.144,5.101833599999999e-05
D,3,D-003,1,T1566.002,DeskTop OnPremise,0.9,1.35,3,0.4600000000000001,0.4140000000000001,0.5589000000000002,0.5589000000000002,1.0,1.0,0.12150000000000002,0.12150000000000002
D,3,D-003,2,T1578.002,VDI AuthServer,0.36,1.5,3,0.4600000000000001,0.16560000000000002,0.24840000000000004,0.13883076000000005,0.486,0.486,0.05399999999999999,0.006561
D,3,D-003,3,T1651,VDI Server,0.36,1.5,5,0.1,0.036,0.05399999999999999,0.007496861040000002,0.486,0.236196,0.05399999999999999,0.00035429399999999995
D,3,D-003,4,T1496.004,Business Server OnCloud,0.18,2.0,4,0.27999999999999997,0.05039999999999999,0.10079999999999999,0.0007556835928320001,0.324,0.076527504,0.036,1.2754583999999998e-05
D,4,D-004,1,T1566.002,DeskTop OnPremise,0.9,1.35,3,0.4600000000000001,0.4140000000000001,0.5589000000000002,0.5589000000000002,1.0,1.0,0.12150000000000002,0.12150000000000002
D,4,D-004,2,T1578.002,VDI AuthServer,0.36,1.5,3,0.4600000000000001,0.16560000000000002,0.24840000000000004,0.13883076000000005,0.486,0.486,0.05399999999999999,0.006561
D,4,D-004,3,T1651,VDI Server,0.36,1.5,5,0.1,0.036,0.05399999999999999,0.007496861040000002,0.486,0.236196,0.05399999999999999,0.00035429399999999995
D,4,D-004,4,T1496.002,Business Server OnCloud,0.18,2.0,4,0.27999999999999997,0.05039999999999999,0.10079999999999999,0.0007556835928320001,0.324,0.076527504,0.036,1.2754583999999998e-05
D,5,D-005,1,T1566.002,DeskTop OnPremise,0.9,1.35,3,0.4600000000000001,0.4140000000000001,0.5589000000000002,0.5589000000000002,1.0,1.0,0.12150000000000002,0.12150000000000002
D,5,D-005,2,T1578.002,VDI AuthServer,0.36,1.5,3,0.4600000000000001,0.16560000000000002,0.24840000000000004,0.13883076000000005,0.486,0.486,0.05399999999999999,0.006561
D,5,D-005,3,T1555.006,VDI Server,0.36,1.5,5,0.1,0.036,0.05399999999999999,0.007496861040000002,0.486,0.236196,0.05399999999999999,0.00035429399999999995
D,5,D-005,4,T1486,Business Server OnCloud,0.9,2.0,5,0.1,0.09000000000000001,0.18000000000000002,0.0013494349872000006,1.0,0.236196,0.18000000000000002,6.377292e-05
D,6,D-006,1,T1566.002,DeskTop OnPremise,0.9,1.35,3,0.4600000000000001,0.4140000000000001,0.5589000000000002,0.5589000000000002,1.0,1.0,0.12150000000000002,0.12150000000000002
D,6,D-006,2,T1578.002,VDI AuthServer,0.36,1.5,3,0.4600000000000001,0.16560000000000002,0.24840000000000004,0.13883076000000005,0.486,0.486,0.05399999999999999,0.006561
D,6,D-006,3,T1555.006,VDI Server,0.36,1.5,5,0.1,0.036,0.05399999999999999,0.007496861040000002,0.486,0.236196,0.05399999999999999,0.00035429399999999995
D,6,D-006,4,T1496.001,Business Server OnCloud,0.72,2.0,4,0.27999999999999997,0.20159999999999997,0.40319999999999995,0.0030227343713280005,1.0,0.236196,0.144,5.101833599999999e-05
D,7,D-007,1,T1566.002,DeskTop OnPremise,0.9,1.35,3,0.4600000000000001,0.4140000000000001,0.5589000000000002,0.5589000000000002,1.0,1.0,0.12150000000000002,0.12150000000000002
D,7,D-007,2,T1578.002,VDI AuthServer,0.36,1.5,3,0.4600000000000001,0.16560000000000002,0.24840000000000004,0.13883076000000005,0.486,0.486,0.05399999999999999,0.006561
D,7,D-007,3,T1555.006,VDI Server,0.36,1.5,5,0.1,0.036,0.05399999999999999,0.007496861040000002,0.486,0.236196,0.05399999999999999,0.00035429399999999995
D,7,D-007,4,T1496.004,Business Server OnCloud,0.18,2.0,4,0.27999999999999997,0.05039999999999999,0.10079999999999999,0.0007556835928320001,0.324,0.076527504,0.036,1.2754583999999998e-05
D,8,D-008,1,T1566.002,DeskTop OnPremise,0.9,1.35,3,0.4600000000000001,0.4140000000000001,0.5589000000000002,0.5589000000000002,1.0,1.0,0.12150000000000002,0.12150000000000002
D,8,D-008,2,T1578.002,VDI AuthServer,0.36,1.5,3,0.4600000000000001,0.16560000000000002,0.24840000000000004,0.13883076000000005,0.486,0.486,0.05399999999999999,0.006561
D,8,D-008,3,T1555.006,VDI Server,0.36,1.5,5,0.1,0.036,0.05399999999999999,0.007496861040000002,0.486,0.236196,0.05399999999999999,0.00035429399999999995
D,8,D-008,4,T1496.002,Business Server OnCloud,0.18,2.0,4,0.27999999999999997,0.05039999999999999,0.10079999999999999,0.0007556835928320001,0.324,0.076527504,0.036,1.2754583999999998e-05
D,9,D-009,1,T1566.002,DeskTop OnPremise,0.9,1.35,3,0.4600000000000001,0.4140000000000001,0.5589000000000002,0.5589000000000002,1.0,1.0,0.12150000000000002,0.12150000000000002
D,9,D-009,2,T1578.002,VDI AuthServer,0.36,1.5,3,0.4600000000000001,0.16560000000000002,0.24840000000000004,0.13883076000000005,0.486,0.486,0.05399999999999999,0.006561
D,9,D-009,3,T1059.009,VDI Server,0.36,1.5,5,0.1,0.036,0.05399999999999999,0.007496861040000002,0.486,0.236196,0.05399999999999999,0.00035429399999999995
D,9,D-009,4,T1486,Business Server OnCloud,0.9,2.0,5,0.1,0.09000000000000001,0.18000000000000002,0.0013494349872000006,1.0,0.236196,0.18000000000000002,6.377292e-05
D,10,D-010,1,T1566.002,DeskTop OnPremise,0.9,1.35,3,0.4600000000000001,0.4140000000000001,0.5589000000000002,0.5589000000000002,1.0,1.0,0.12150000000000002,0.12150000000000002
D,10,D-010,2,T1578.002,VDI AuthServer,0.36,1.5,3,0.4600000000000001,0.16560000000000002,0.24840000000000004,0.13883076000000005,0.486,0.486,0.05399999999999999,0.006561
D,10,D-010,3,T1059.009,VDI Server,0.36,1.5,5,0.1,0.036,0.05399999999999999,0.007496861040000002,0.486,0.236196,0.05399999999999999,0.00035429399999999995
D,10,D-010,4,T1496.001,Business Server OnCloud,0.72,2.0,4,0.27999999999999997,0.20159999999999997,0.40319999999999995,0.0030227343713280005,1.0,0.236196,0.144,5.101833599999999e-05
D,11,D-011,1,T1566.002,DeskTop OnPremise,0.9,1.35,3,0.4600000000000001,0.4140000000000001,0.5589000000000002,0.5589000000000002,1.0,1.0,0.12150000000000002,0.12150000000000002
D,11,D-011,2,T1578.002,VDI AuthServer,0.36,1.5,3,0.4600000000000001,0.16560000000000002,0.24840000000000004,0.13883076000000005,0.486,0.486,0.05399999999999999,0.006561
D,11,D-011,3,T1059.009,VDI Server,0.36,1.5,5,0.1,0.036,0.05399999999999999,0.007496861040000002,0.486,0.236196,0.05399999999999999,0.00035429399999999995
D,11,D-011,4,T1496.004,Business Server OnCloud,0.18,2.0,4,0.27999999999999997,0.05039999999999999,0.10079999999999999,0.0007556835928320001,0.324,0.076527504,0.036,1.2754583999999998e-05
D,12,D-012,1,T1566.002,DeskTop OnPremise,0.9,1.35,3,0.4600000000000001,0.4140000000000001,0.5589000000000002,0.5589000000000002,1.0,1.0,0.12150000000000002,0.12150000000000002
D,12,D-012,2,T1578.002,VDI AuthServer,0.36,1.5,3,0.4600000000000001,0.16560000000000002,0.24840000000000004,0.13883076000000005,0.486,0.486,0.05399999999999999,0.006561
D,12,D-012,3,T1059.009,VDI Server,0.36,1.5,5,0.1,0.036,0.05399999999999999,0.007496861040000002,0.486,0.236196,0.05399999999999999,0.00035429399999999995
D,12,D-012,4,T1496.002,Business Server OnCloud,0.18,2.0,4,0.27999999999999997,0.05039999999999999,0.10079999999999999,0.0007556835928320001,0.324,0.076527504,0.036,1.2754583999999998e-05
D,13,D-013,1,T1566.002,DeskTop OnPremise,0.9,1.35,3,0.4600000000000001,0.4140000000000001,0.5589000000000002,0.5589000000000002,1.0,1.0,0.12150000000000002,0.12150000000000002
D,13,D-013,2,T1578.002,VDI AuthServer,0.36,1.5,3,0.4600000000000001,0.16560000000000002,0.24840000000000004,0.13883076000000005,0.486,0.486,0.05399999999999999,0.006561
D,13,D-013,3,T1484.002,VDI Server,0.36,1.5,5,0.1,0.036,0.05399999999999999,0.007496861040000002,0.486,0.236196,0.05399999999999999,0.00035429399999999995
D,13,D-013,4,T1486,Business Server OnCloud,0.9,2.0,5,0.1,0.09000000000000001,0.18000000000000002,0.0013494349872000006,1.0,0.236196,0.18000000000000002,6.377292e-05
D,14,D-014,1,T1566.002,DeskTop OnPremise,0.9,1.35,3,0.4600000000000001,0.4140000000000001,0.5589000000000002,0.5589000000000002,1.0,1.0,0.12150000000000002,0.12150000000000002
D,14,D-014,2,T1578.002,VDI AuthServer,0.36,1.5,3,0.4600000000000001,0.16560000000000002,0.24840000000000004,0.13883076000000005,0.486,0.486,0.05399999999999999,0.006561
D,14,D-014,3,T1484.002,VDI Server,0.36,1.5,5,0.1,0.036,0.05399999999999999,0.007496861040000002,0.486,0.236196,0.05399999999999999,0.00035429399999999995
D,14,D-014,4,T1496.001,Business Server OnCloud,0.72,2.0,4,0.27999999999999997,0.20159999999999997,0.40319999999999995,0.0030227343713280005,1.0,0.236196,0.144,5.101833599999999e-05
D,15,D-015,1,T1566.002,DeskTop OnPremise,0.9,1.35,3,0.4600000000000001,0.4140000000000001,0.5589000000000002,0.5589000000000002,1.0,1.0,0.12150000000000002,0.12150000000000002
D,15,D-015,2,T1578.002,VDI AuthServer,0.36,1.5,3,0.4600000000000001,0.16560000000000002,0.24840000000000004,0.13883076000000005,0.486,0.486,0.05399999999999999,0.006561
D,15,D-015,3,T1484.002,VDI Server,0.36,1.5,5,0.1,0.036,0.05399999999999999,0.007496861040000002,0.486,0.236196,0.05399999999999999,0.00035429399999999995
D,15,D-015,4,T1496.004,Business Server OnCloud,0.18,2.0,4,0.27999999999999997,0.05039999999999999,0.10079999999999999,0.0007556835928320001,0.324,0.076527504,0.036,1.2754583999999998e-05
D,16,D-016,1,T1566.002,DeskTop OnPremise,0.9,1.35,3,0.4600000000000001,0.4140000000000001,0.5589000000000002,0.5589000000000002,1.0,1.0,0.12150000000000002,0.12150000000000002
D,16,D-016,2,T1578.002,VDI AuthServer,0.36,1.5,3,0.4600000000000001,0.16560000000000002,0.24840000000000004,0.13883076000000005,0.486,0.486,0.05399999999999999,0.006561
D,16,D-016,3,T1484.002,VDI Server,0.36,1.5,5,0.1,0.036,0.05399999999999999,0.007496861040000002,0.486,0.236196,0.05399999999999999,0.00035429399999999995
D,16,D-016,4,T1496.002,Business Server OnCloud,0.18,2.0,4,0.27999999999999997,0.05039999999999999,0.10079999999999999,0.0007556835928320001,0.324,0.076527504,0.036,1.2754583999999998e-05
D,17,D-017,1,T1566.002,DeskTop OnPremise,0.9,1.35,3,0.4600000000000001,0.4140000000000001,0.5589000000000002,0.5589000000000002,1.0,1.0,0.12150000000000002,0.12150000000000002
D,17,D-017,2,T1021.007,VDI AuthServer,0.36,1.5,5,0.1,0.036,0.05399999999999999,0.030180600000000005,0.486,0.486,0.05399999999999999,0.006561
D,17,D-017,3,T1651,VDI Server,0.36,1.5,5,0.1,0.036,0.05399999999999999,0.0016297524,0.486,0.236196,0.05399999999999999,0.00035429399999999995
D,17,D-017,4,T1486,Business Server OnCloud,0.9,2.0,5,0.1,0.09000000000000001,0.18000000000000002,0.00029335543200000003,1.0,0.236196,0.18000000000000002,6.377292e-05
D,18,D-018,1,T1566.002,DeskTop OnPremise,0.9,1.35,3,0.4600000000000001,0.4140000000000001,0.5589000000000002,0.5589000000000002,1.0,1.0,0.12150000000000002,0.12150000000000002
D,18,D-018,2,T1021.007,VDI AuthServer,0.36,1.5,5,0.1,0.036,0.05399999999999999,0.030180600000000005,0.486,0.486,0.05399999999999999,0.006561
D,18,D-018,3,T1651,VDI Server,0.36,1.5,5,0.1,0.036,0.05399999999999999,0.0016297524,0.486,0.236196,0.05399999999999999,0.00035429399999999995
D,18,D-018,4,T1496.001,Business Server OnCloud,0.72,2.0,4,0.27999999999999997,0.20159999999999997,0.40319999999999995,0.0006571161676799999,1.0,0.236196,0.144,5.101833599999999e-05
D,19,D-019,1,T1566.002,DeskTop OnPremise,0.9,1.35,3,0.4600000000000001,0.4140000000000001,0.5589000000000002,0.5589000000000002,1.0,1.0,0.12150000000000002,0.12150000000000002
D,19,D-019,2,T1021.007,VDI AuthServer,0.36,1.5,5,0.1,0.036,0.05399999999999999,0.030180600000000005,0.486,0.486,0.05399999999999999,0.006561
D,19,D-019,3,T1651,VDI Server,0.36,1.5,5,0.1,0.036,0.05399999999999999,0.0016297524,0.486,0.236196,0.05399999999999999,0.00035429399999999995
D,19,D-019,4,T1496.004,Business Server OnCloud,0.18,2.0,4,0.27999999999999997,0.05039999999999999,0.10079999999999999,0.00016427904191999997,0.324,0.076527504,0.036,1.2754583999999998e-05
D,20,D-020,1,T1566.002,DeskTop OnPremise,0.9,1.35,3,0.4600000000000001,0.4140000000000001,0.5589000000000002,0.5589000000000002,1.0,1.0,0.12150000000000002,0.12150000000000002
D,20,D-020,2,T1021.007,VDI AuthServer,0.36,1.5,5,0.1,0.036,0.05399999999999999,0.030180600000000005,0.486,0.486,0.05399999999999999,0.006561
D,20,D-020,3,T1651,VDI Server,0.36,1.5,5,0.1,0.036,0.05399999999999999,0.0016297524,0.486,0.236196,0.05399999999999999,0.00035429399999999995
D,20,D-020,4,T1496.002,Business Server OnCloud,0.18,2.0,4,0.27999999999999997,0.05039999999999999,0.10079999999999999,0.00016427904191999997,0.324,0.076527504,0.036,1.2754583999999998e-05
D,21,D-021,1,T1566.002,DeskTop OnPremise,0.9,1.35,3,0.4600000000000001,0.4140000000000001,0.5589000000000002,0.5589000000000002,1.0,1.0,0.12150000000000002,0.12150000000000002
D,21,D-021,2,T1021.007,VDI AuthServer,0.36,1.5,5,0.1,0.036,0.05399999999999999,0.030180600000000005,0.486,0.486,0.05399999999999999,0.006561
D,21,D-021,3,T1555.006,VDI Server,0.36,1.5,5,0.1,0.036,0.05399999999999999,0.0016297524,0.486,0.236196,0.05399999999999999,0.00035429399999999995
D,21,D-021,4,T1486,Business Server OnCloud,0.9,2.0,5,0.1,0.09000000000000001,0.18000000000000002,0.00029335543200000003,1.0,0.236196,0.18000000000000002,6.377292e-05
D,22,D-022,1,T1566.002,DeskTop OnPremise,0.9,1.35,3,0.4600000000000001,0.4140000000000001,0.5589000000000002,0.5589000000000002,1.0,1.0,0.12150000000000002,0.12150000000000002
D,22,D-022,2,T1021.007,VDI AuthServer,0.36,1.5,5,0.1,0.036,0.05399999999999999,0.030180600000000005,0.486,0.486,0.05399999999999999,0.006561
D,22,D-022,3,T1555.006,VDI Server,0.36,1.5,5,0.1,0.036,0.05399999999999999,0.0016297524,0.486,0.236196,0.05399999999999999,0.00035429399999999995
D,22,D-022,4,T1496.001,Business Server OnCloud,0.72,2.0,4,0.27999999999999997,0.20159999999999997,0.40319999999999995,0.0006571161676799999,1.0,0.236196,0.144,5.101833599999999e-05
D,23,D-023,1,T1566.002,DeskTop OnPremise,0.9,1.35,3,0.4600000000000001,0.4140000000000001,0.5589000000000002,0.5589000000000002,1.0,1.0,0.12150000000000002,0.12150000000000002
D,23,D-023,2,T1021.007,VDI AuthServer,0.36,1.5,5,0.1,0.036,0.05399999999999999,0.030180600000000005,0.486,0.486,0.05399999999999999,0.006561
D,23,D-023,3,T1555.006,VDI Server,0.36,1.5,5,0.1,0.036,0.05399999999999999,0.0016297524,0.486,0.236196,0.05399999999999999,0.00035429399999999995
D,23,D-023,4,T1496.004,Business Server OnCloud,0.18,2.0,4,0.27999999999999997,0.05039999999999999,0.10079999999999999,0.00016427904191999997,0.324,0.076527504,0.036,1.2754583999999998e-05
D,24,D-024,1,T1566.002,DeskTop OnPremise,0.9,1.35,3,0.4600000000000001,0.4140000000000001,0.5589000000000002,0.5589000000000002,1.0,1.0,0.12150000000000002,0.12150000000000002
D,24,D-024,2,T1021.007,VDI AuthServer,0.36,1.5,5,0.1,0.036,0.05399999999999999,0.030180600000000005,0.486,0.486,0.05399999999999999,0.006561
D,24,D-024,3,T1555.006,VDI Server,0.36,1.5,5,0.1,0.036,0.05399999999999999,0.0016297524,0.486,0.236196,0.05399999999999999,0.00035429399999999995
D,24,D-024,4,T1496.002,Business Server OnCloud,0.18,2.0,4,0.27999999999999997,0.05039999999999999,0.10079999999999999,0.00016427904191999997,0.324,0.076527504,0.036,1.2754583999999998e-05
D,25,D-025,1,T1566.002,DeskTop OnPremise,0.9,1.35,3,0.4600000000000001,0.4140000000000001,0.5589000000000002,0.5589000000000002,1.0,1.0,0.12150000000000002,0.12150000000000002
D,25,D-025,2,T1021.007,VDI AuthServer,0.36,1.5,5,0.1,0.036,0.05399999999999999,0.030180600000000005,0.486,0.486,0.05399999999999999,0.006561
D,25,D-025,3,T1059.009,VDI Server,0.36,1.5,5,0.1,0.036,0.05399999999999999,0.0016297524,0.486,0.236196,0.05399999999999999,0.00035429399999999995
D,25,D-025,4,T1486,Business Server OnCloud,0.9,2.0,5,0.1,0.09000000000000001,0.18000000000000002,0.00029335543200000003,1.0,0.236196,0.18000000000000002,6.377292e-05
D,26,D-026,1,T1566.002,DeskTop OnPremise,0.9,1.35,3,0.4600000000000001,0.4140000000000001,0.5589000000000002,0.5589000000000002,1.0,1.0,0.12150000000000002,0.12150000000000002
D,26,D-026,2,T1021.007,VDI AuthServer,0.36,1.5,5,0.1,0.036,0.05399999999999999,0.030180600000000005,0.486,0.486,0.05399999999999999,0.006561
D,26,D-026,3,T1059.009,VDI Server,0.36,1.5,5,0.1,0.036,0.05399999999999999,0.0016297524,0.486,0.236196,0.05399999999999999,0.00035429399999999995
D,26,D-026,4,T1496.001,Business Server OnCloud,0.72,2.0,4,0.27999999999999997,0.20159999999999997,0.40319999999999995,0.0006571161676799999,1.0,0.236196,0.144,5.101833599999999e-05
D,27,D-027,1,T1566.002,DeskTop OnPremise,0.9,1.35,3,0.4600000000000001,0.4140000000000001,0.5589000000000002,0.5589000000000002,1.0,1.0,0.12150000000000002,0.12150000000000002
D,27,D-027,2,T1021.007,VDI AuthServer,0.36,1.5,5,0.1,0.036,0.05399999999999999,0.030180600000000005,0.486,0.486,0.05399999999999999,0.006561
D,27,D-027,3,T1059.009,VDI Server,0.36,1.5,5,0.1,0.036,0.05399999999999999,0.0016297524,0.486,0.236196,0.05399999999999999,0.00035429399999999995
D,27,D-027,4,T1496.004,Business Server OnCloud,0.18,2.0,4,0.27999999999999997,0.05039999999999999,0.10079999999999999,0.00016427904191999997,0.324,0.076527504,0.036,1.2754583999999998e-05
D,28,D-028,1,T1566.002,DeskTop OnPremise,0.9,1.35,3,0.4600000000000001,0.4140000000000001,0.5589000000000002,0.5589000000000002,1.0,1.0,0.12150000000000002,0.12150000000000002
D,28,D-028,2,T1021.007,VDI AuthServer,0.36,1.5,5,0.1,0.036,0.05399999999999999,0.030180600000000005,0.486,0.486,0.05399999999999999,0.006561
D,28,D-028,3,T1059.009,VDI Server,0.36,1.5,5,0.1,0.036,0.05399999999999999,0.0016297524,0.486,0.236196,0.05399999999999999,0.00035429399999999995
D,28,D-028,4,T1496.002,Business Server OnCloud,0.18,2.0,4,0.27999999999999997,0.05039999999999999,0.10079999999999999,0.00016427904191999997,0.324,0.076527504,0.036,1.2754583999999998e-05
D,29,D-029,1,T1566.002,DeskTop OnPremise,0.9,1.35,3,0.4600000000000001,0.4140000000000001,0.5589000000000002,0.5589000000000002,1.0,1.0,0.12150000000000002,0.12150000000000002
D,29,D-029,2,T1021.007,VDI AuthServer,0.36,1.5,5,0.1,0.036,0.05399999999999999,0.030180600000000005,0.486,0.486,0.05399999999999999,0.006561
D,29,D-029,3,T1484.002,VDI Server,0.36,1.5,5,0.1,0.036,0.05399999999999999,0.0016297524,0.486,0.236196,0.05399999999999999,0.00035429399999999995
D,29,D-029,4,T1486,Business Server OnCloud,0.9,2.0,5,0.1,0.09000000000000001,0.18000000000000002,0.00029335543200000003,1.0,0.236196,0.18000000000000002,6.377292e-05
D,30,D-030,1,T1566.002,DeskTop OnPremise,0.9,1.35,3,0.4600000000000001,0.4140000000000001,0.5589000000000002,0.5589000000000002,1.0,1.0,0.12150000000000002,0.12150000000000002
D,30,D-030,2,T1021.007,VDI AuthServer,0.36,1.5,5,0.1,0.036,0.05399999999999999,0.030180600000000005,0.486,0.486,0.05399999999999999,0.006561
D,30,D-030,3,T1484.002,VDI Server,0.36,1.5,5,0.1,0.036,0.05399999999999999,0.0016297524,0.486,0.236196,0.05399999999999999,0.00035429399999999995
D,30,D-030,4,T1496.001,Business Server OnCloud,0.72,2.0,4,0.27999999999999997,0.20159999999999997,0.40319999999999995,0.0006571161676799999,1.0,0.236196,0.144,5.101833599999999e-05
D,31,D-031,1,T1566.002,DeskTop OnPremise,0.9,1.35,3,0.4600000000000001,0.4140000000000001,0.5589000000000002,0.5589000000000002,1.0,1.0,0.12150000000000002,0.12150000000000002
D,31,D-031,2,T1021.007,VDI AuthServer,0.36,1.5,5,0.1,0.036,0.05399999999999999,0.030180600000000005,0.486,0.486,0.05399999999999999,0.006561
D,31,D-031,3,T1484.002,VDI Server,0.36,1.5,5,0.1,0.036,0.05399999999999999,0.0016297524,0.486,0.236196,0.05399999999999999,0.00035429399999999995
D,31,D-031,4,T1496.004,Business Server OnCloud,0.18,2.0,4,0.27999999999999997,0.05039999999999999,0.10079999999999999,0.00016427904191999997,0.324,0.076527504,0.036,1.2754583999999998e-05
D,32,D-032,1,T1566.002,DeskTop OnPremise,0.9,1.35,3,0.4600000000000001,0.4140000000000001,0.5589000000000002,0.5589000000000002,1.0,1.0,0.12150000000000002,0.12150000000000002
D,32,D-032,2,T1021.007,VDI AuthServer,0.36,1.5,5,0.1,0.036,0.05399999999999999,0.030180600000000005,0.486,0.486,0.05399999999999999,0.006561
D,32,D-032,3,T1484.002,VDI Server,0.36,1.5,5,0.1,0.036,0.05399999999999999,0.0016297524,0.486,0.236196,0.05399999999999999,0.00035429399999999995
D,32,D-032,4,T1496.002,Business Server OnCloud,0.18,2.0,4,0.27999999999999997,0.05039999999999999,0.10079999999999999,0.00016427904191999997,0.324,0.076527504,0.036,1.2754583999999998e-05
D,33,D-033,1,T1566.002,DeskTop OnPremise,0.9,1.35,3,0.4600000000000001,0.4140000000000001,0.5589000000000002,0.5589000000000002,1.0,1.0,0.12150000000000002,0.12150000000000002
D,33,D-033,2,T1484.002,VDI AuthServer,0.36,1.5,5,0.1,0.036,0.05399999999999999,0.030180600000000005,0.486,0.486,0.05399999999999999,0.006561
D,33,D-033,3,T1651,VDI Server,0.36,1.5,5,0.1,0.036,0.05399999999999999,0.0016297524,0.486,0.236196,0.05399999999999999,0.00035429399999999995
D,33,D-033,4,T1486,Business Server OnCloud,0.9,2.0,5,0.1,0.09000000000000001,0.18000000000000002,0.00029335543200000003,1.0,0.236196,0.18000000000000002,6.377292e-05
D,34,D-034,1,T1566.002,DeskTop OnPremise,0.9,1.35,3,0.4600000000000001,0.4140000000000001,0.5589000000000002,0.5589000000000002,1.0,1.0,0.12150000000000002,0.12150000000000002
D,34,D-034,2,T1484.002,VDI AuthServer,0.36,1.5,5,0.1,0.036,0.05399999999999999,0.030180600000000005,0.486,0.486,0.05399999999999999,0.006561
D,34,D-034,3,T1651,VDI Server,0.36,1.5,5,0.1,0.036,0.05399999999999999,0.0016297524,0.486,0.236196,0.05399999999999999,0.00035429399999999995
D,34,D-034,4,T1496.001,Business Server OnCloud,0.72,2.0,4,0.27999999999999997,0.20159999999999997,0.40319999999999995,0.0006571161676799999,1.0,0.236196,0.144,5.101833599999999e-05
D,35,D-035,1,T1566.002,DeskTop OnPremise,0.9,1.35,3,0.4600000000000001,0.4140000000000001,0.5589000000000002,0.5589000000000002,1.0,1.0,0.12150000000000002,0.12150000000000002
D,35,D-035,2,T1484.002,VDI AuthServer,0.36,1.5,5,0.1,0.036,0.05399999999999999,0.030180600000000005,0.486,0.486,0.05399999999999999,0.006561
D,35,D-035,3,T1651,VDI Server,0.36,1.5,5,0.1,0.036,0.05399999999999999,0.0016297524,0.486,0.236196,0.05399999999999999,0.00035429399999999995
D,35,D-035,4,T1496.004,Business Server OnCloud,0.18,2.0,4,0.27999999999999997,0.05039999999999999,0.10079999999999999,0.00016427904191999997,0.324,0.076527504,0.036,1.2754583999999998e-05
D,36,D-036,1,T1566.002,DeskTop OnPremise,0.9,1.35,3,0.4600000000000001,0.4140000000000001,0.5589000000000002,0.5589000000000002,1.0,1.0,0.12150000000000002,0.12150000000000002
D,36,D-036,2,T1484.002,VDI AuthServer,0.36,1.5,5,0.1,0.036,0.05399999999999999,0.030180600000000005,0.486,0.486,0.05399999999999999,0.006561
D,36,D-036,3,T1651,VDI Server,0.36,1.5,5,0.1,0.036,0.05399999999999999,0.0016297524,0.486,0.236196,0.05399999999999999,0.00035429399999999995
D,36,D-036,4,T1496.002,Business Server OnCloud,0.18,2.0,4,0.27999999999999997,0.05039999999999999,0.10079999999999999,0.00016427904191999997,0.324,0.076527504,0.036,1.2754583999999998e-05
D,37,D-037,1,T1566.002,DeskTop OnPremise,0.9,1.35,3,0.4600000000000001,0.4140000000000001,0.5589000000000002,0.5589000000000002,1.0,1.0,0.12150000000000002,0.12150000000000002
D,37,D-037,2,T1484.002,VDI AuthServer,0.36,1.5,5,0.1,0.036,0.05399999999999999,0.030180600000000005,0.486,0.486,0.05399999999999999,0.006561
D,37,D-037,3,T1555.006,VDI Server,0.36,1.5,5,0.1,0.036,0.05399999999999999,0.0016297524,0.486,0.236196,0.05399999999999999,0.00035429399999999995
D,37,D-037,4,T1486,Business Server OnCloud,0.9,2.0,5,0.1,0.09000000000000001,0.18000000000000002,0.00029335543200000003,1.0,0.236196,0.18000000000000002,6.377292e-05
D,38,D-038,1,T1566.002,DeskTop OnPremise,0.9,1.35,3,0.4600000000000001,0.4140000000000001,0.5589000000000002,0.5589000000000002,1.0,1.0,0.12150000000000002,0.12150000000000002
D,38,D-038,2,T1484.002,VDI AuthServer,0.36,1.5,5,0.1,0.036,0.05399999999999999,0.030180600000000005,0.486,0.486,0.05399999999999999,0.006561
D,38,D-038,3,T1555.006,VDI Server,0.36,1.5,5,0.1,0.036,0.05399999999999999,0.0016297524,0.486,0.236196,0.05399999999999999,0.00035429399999999995
D,38,D-038,4,T1496.001,Business Server OnCloud,0.72,2.0,4,0.27999999999999997,0.20159999999999997,0.40319999999999995,0.0006571161676799999,1.0,0.236196,0.144,5.101833599999999e-05
D,39,D-039,1,T1566.002,DeskTop OnPremise,0.9,1.35,3,0.4600000000000001,0.4140000000000001,0.5589000000000002,0.5589000000000002,1.0,1.0,0.12150000000000002,0.12150000000000002
D,39,D-039,2,T1484.002,VDI AuthServer,0.36,1.5,5,0.1,0.036,0.05399999999999999,0.030180600000000005,0.486,0.486,0.05399999999999999,0.006561
D,39,D-039,3,T1555.006,VDI Server,0.36,1.5,5,0.1,0.036,0.05399999999999999,0.0016297524,0.486,0.236196,0.05399999999999999,0.00035429399999999995
D,39,D-039,4,T1496.004,Business Server OnCloud,0.18,2.0,4,0.27999999999999997,0.05039999999999999,0.10079999999999999,0.00016427904191999997,0.324,0.076527504,0.036,1.2754583999999998e-05
D,40,D-040,1,T1566.002,DeskTop OnPremise,0.9,1.35,3,0.4600000000000001,0.4140000000000001,0.5589000000000002,0.5589000000000002,1.0,1.0,0.12150000000000002,0.12150000000000002
D,40,D-040,2,T1484.002,VDI AuthServer,0.36,1.5,5,0.1,0.036,0.05399999999999999,0.030180600000000005,0.486,0.486,0.05399999999999999,0.006561
D,40,D-040,3,T1555.006,VDI Server,0.36,1.5,5,0.1,0.036,0.05399999999999999,0.0016297524,0.486,0.236196,0.05399999999999999,0.00035429399999999995
D,40,D-040,4,T1496.002,Business Server OnCloud,0.18,2.0,4,0.27999999999999997,0.05039999999999999,0.10079999999999999,0.00016427904191999997,0.324,0.076527504,0.036,1.2754583999999998e-05
D,41,D-041,1,T1566.002,DeskTop OnPremise,0.9,1.35,3,0.4600000000000001,0.4140000000000001,0.5589000000000002,0.5589000000000002,1.0,1.0,0.12150000000000002,0.12150000000000002
D,41,D-041,2,T1484.002,VDI AuthServer,0.36,1.5,5,0.1,0.036,0.05399999999999999,0.030180600000000005,0.486,0.486,0.05399999999999999,0.006561
D,41,D-041,3,T1059.009,VDI Server,0.36,1.5,5,0.1,0.036,0.05399999999999999,0.0016297524,0.486,0.236196,0.05399999999999999,0.00035429399999999995
D,41,D-041,4,T1486,Business Server OnCloud,0.9,2.0,5,0.1,0.09000000000000001,0.18000000000000002,0.00029335543200000003,1.0,0.236196,0.18000000000000002,6.377292e-05
D,42,D-042,1,T1566.002,DeskTop OnPremise,0.9,1.35,3,0.4600000000000001,0.4140000000000001,0.5589000000000002,0.5589000000000002,1.0,1.0,0.12150000000000002,0.12150000000000002
D,42,D-042,2,T1484.002,VDI AuthServer,0.36,1.5,5,0.1,0.036,0.05399999999999999,0.030180600000000005,0.486,0.486,0.05399999999999999,0.006561
D,42,D-042,3,T1059.009,VDI Server,0.36,1.5,5,0.1,0.036,0.05399999999999999,0.0016297524,0.486,0.236196,0.05399999999999999,0.00035429399999999995
D,42,D-042,4,T1496.001,Business Server OnCloud,0.72,2.0,4,0.27999999999999997,0.20159999999999997,0.40319999999999995,0.0006571161676799999,1.0,0.236196,0.144,5.101833599999999e-05
D,43,D-043,1,T1566.002,DeskTop OnPremise,0.9,1.35,3,0.4600000000000001,0.4140000000000001,0.5589000000000002,0.5589000000000002,1.0,1.0,0.12150000000000002,0.12150000000000002
D,43,D-043,2,T1484.002,VDI AuthServer,0.36,1.5,5,0.1,0.036,0.05399999999999999,0.030180600000000005,0.486,0.486,0.05399999999999999,0.006561
D,43,D-043,3,T1059.009,VDI Server,0.36,1.5,5,0.1,0.036,0.05399999999999999,0.0016297524,0.486,0.236196,0.05399999999999999,0.00035429399999999995
D,43,D-043,4,T1496.004,Business Server OnCloud,0.18,2.0,4,0.27999999999999997,0.05039999999999999,0.10079999999999999,0.00016427904191999997,0.324,0.076527504,0.036,1.2754583999999998e-05
D,44,D-044,1,T1566.002,DeskTop OnPremise,0.9,1.35,3,0.4600000000000001,0.4140000000000001,0.5589000000000002,0.5589000000000002,1.0,1.0,0.12150000000000002,0.12150000000000002
D,44,D-044,2,T1484.002,VDI AuthServer,0.36,1.5,5,0.1,0.036,0.05399999999999999,0.030180600000000005,0.486,0.486,0.05399999999999999,0.006561
D,44,D-044,3,T1059.009,VDI Server,0.36,1.5,5,0.1,0.036,0.05399999999999999,0.0016297524,0.486,0.236196,0.05399999999999999,0.00035429399999999995
D,44,D-044,4,T1496.002,Business Server OnCloud,0.18,2.0,4,0.27999999999999997,0.05039999999999999,0.10079999999999999,0.00016427904191999997,0.324,0.076527504,0.036,1.2754583999999998e-05
D,45,D-045,1,T1566.002,DeskTop OnPremise,0.9,1.35,3,0.4600000000000001,0.4140000000000001,0.5589000000000002,0.5589000000000002,1.0,1.0,0.12150000000000002,0.12150000000000002
D,45,D-045,2,T1484.002,VDI AuthServer,0.36,1.5,5,0.1,0.036,0.05399999999999999,0.030180600000000005,0.486,0.486,0.05399999999999999,0.006561
D,45,D-045,3,T1484.002,VDI Server,0.36,1.5,5,0.1,0.036,0.05399999999999999,0.0016297524,0.486,0.236196,0.05399999999999999,0.00035429399999999995
D,45,D-045,4,T1486,Business Server OnCloud,0.9,2.0,5,0.1,0.09000000000000001,0.18000000000000002,0.00029335543200000003,1.0,0.236196,0.18000000000000002,6.377292e-05
D,46,D-046,1,T1566.002,DeskTop OnPremise,0.9,1.35,3,0.4600000000000001,0.4140000000000001,0.5589000000000002,0.5589000000000002,1.0,1.0,0.12150000000000002,0.12150000000000002
D,46,D-046,2,T1484.002,VDI AuthServer,0.36,1.5,5,0.1,0.036,0.05399999999999999,0.030180600000000005,0.486,0.486,0.05399999999999999,0.006561
D,46,D-046,3,T1484.002,VDI Server,0.36,1.5,5,0.1,0.036,0.05399999999999999,0.0016297524,0.486,0.236196,0.05399999999999999,0.00035429399999999995
D,46,D-046,4,T1496.001,Business Server OnCloud,0.72,2.0,4,0.27999999999999997,0.20159999999999997,0.40319999999999995,0.0006571161676799999,1.0,0.236196,0.144,5.101833599999999e-05
D,47,D-047,1,T1566.002,DeskTop OnPremise,0.9,1.35,3,0.4600000000000001,0.4140000000000001,0.5589000000000002,0.5589000000000002,1.0,1.0,0.12150000000000002,0.12150000000000002
D,47,D-047,2,T1484.002,VDI AuthServer,0.36,1.5,5,0.1,0.036,0.05399999999999999,0.030180600000000005,0.486,0.486,0.05399999999999999,0.006561
D,47,D-047,3,T1484.002,VDI Server,0.36,1.5,5,0.1,0.036,0.05399999999999999,0.0016297524,0.486,0.236196,0.05399999999999999,0.00035429399999999995
D,47,D-047,4,T1496.004,Business Server OnCloud,0.18,2.0,4,0.27999999999999997,0.05039999999999999,0.10079999999999999,0.00016427904191999997,0.324,0.076527504,0.036,1.2754583999999998e-05
D,48,D-048,1,T1566.002,DeskTop OnPremise,0.9,1.35,3,0.4600000000000001,0.4140000000000001,0.5589000000000002,0.5589000000000002,1.0,1.0,0.12150000000000002,0.12150000000000002
D,48,D-048,2,T1484.002,VDI AuthServer,0.36,1.5,5,0.1,0.036,0.05399999999999999,0.030180600000000005,0.486,0.486,0.05399999999999999,0.006561
D,48,D-048,3,T1484.002,VDI Server,0.36,1.5,5,0.1,0.036,0.05399999999999999,0.0016297524,0.486,0.236196,0.05399999999999999,0.00035429399999999995
D,48,D-048,4,T1496.002,Business Server OnCloud,0.18,2.0,4,0.27999999999999997,0.05039999999999999,0.10079999999999999,0.00016427904191999997,0.324,0.076527504,0.036,1.2754583999999998e-05
D,49,D-049,1,T1566.002,DeskTop OnPremise,0.9,1.35,3,0.4600000000000001,0.4140000000000001,0.5589000000000002,0.5589000000000002,1.0,1.0,0.12150000000000002,0.12150000000000002
D,49,D-049,2,T1578.004,VDI AuthServer,0.18,1.5,4,0.27999999999999997,0.05039999999999999,0.07559999999999999,0.04225284000000001,0.243,0.243,0.026999999999999996,0.0032805
D,49,D-049,3,T1651,VDI Server,0.36,1.5,5,0.1,0.036,0.05399999999999999,0.00228165336,0.486,0.118098,0.05399999999999999,0.00017714699999999998
D,49,D-049,4,T1486,Business Server OnCloud,0.9,2.0,5,0.1,0.09000000000000001,0.18000000000000002,0.0004106976048000001,1.0,0.118098,0.18000000000000002,3.188646e-05
D,50,D-050,1,T1566.002,DeskTop OnPremise,0.9,1.35,3,0.4600000000000001,0.4140000000000001,0.5589000000000002,0.5589000000000002,1.0,1.0,0.12150000000000002,0.12150000000000002
D,50,D-050,2,T1578.004,VDI AuthServer,0.18,1.5,4,0.27999999999999997,0.05039999999999999,0.07559999999999999,0.04225284000000001,0.243,0.243,0.026999999999999996,0.0032805
D,50,D-050,3,T1651,VDI Server,0.36,1.5,5,0.1,0.036,0.05399999999999999,0.00228165336,0.486,0.118098,0.05399999999999999,0.00017714699999999998
D,50,D-050,4,T1496.001,Business Server OnCloud,0.72,2.0,4,0.27999999999999997,0.20159999999999997,0.40319999999999995,0.000919962634752,1.0,0.118098,0.144,2.5509167999999995e-05
D,51,D-051,1,T1566.002,DeskTop OnPremise,0.9,1.35,3,0.4600000000000001,0.4140000000000001,0.5589000000000002,0.5589000000000002,1.0,1.0,0.12150000000000002,0.12150000000000002
D,51,D-051,2,T1578.004,VDI AuthServer,0.18,1.5,4,0.27999999999999997,0.05039999999999999,0.07559999999999999,0.04225284000000001,0.243,0.243,0.026999999999999996,0.0032805
D,51,D-051,3,T1651,VDI Server,0.36,1.5,5,0.1,0.036,0.05399999999999999,0.00228165336,0.486,0.118098,0.05399999999999999,0.00017714699999999998
D,51,D-051,4,T1496.004,Business Server OnCloud,0.18,2.0,4,0.27999999999999997,0.05039999999999999,0.10079999999999999,0.000229990658688,0.324,0.038263752,0.036,6.377291999999999e-06
D,52,D-052,1,T1566.002,DeskTop OnPremise,0.9,1.35,3,0.4600000000000001,0.4140000000000001,0.5589000000000002,0.5589000000000002,1.0,1.0,0.12150000000000002,0.12150000000000002
D,52,D-052,2,T1578.004,VDI AuthServer,0.18,1.5,4,0.27999999999999997,0.05039999999999999,0.07559999999999999,0.04225284000000001,0.243,0.243,0.026999999999999996,0.0032805
D,52,D-052,3,T1651,VDI Server,0.36,1.5,5,0.1,0.036,0.05399999999999999,0.00228165336,0.486,0.118098,0.05399999999999999,0.00017714699999999998
D,52,D-052,4,T1496.002,Business Server OnCloud,0.18,2.0,4,0.27999999999999997,0.05039999999999999,0.10079999999999999,0.000229990658688,0.324,0.038263752,0.036,6.377291999999999e-06
D,53,D-053,1,T1566.002,DeskTop OnPremise,0.9,1.35,3,0.4600000000000001,0.4140000000000001,0.5589000000000002,0.5589000000000002,1.0,1.0,0.12150000000000002,0.12150000000000002
D,53,D-053,2,T1578.004,VDI AuthServer,0.18,1.5,4,0.27999999999999997,0.05039999999999999,0.07559999999999999,0.04225284000000001,0.243,0.243,0.026999999999999996,0.0032805
D,53,D-053,3,T1555.006,VDI Server,0.36,1.5,5,0.1,0.036,0.05399999999999999,0.00228165336,0.486,0.118098,0.05399999999999999,0.00017714699999999998
D,53,D-053,4,T1486,Business Server OnCloud,0.9,2.0,5,0.1,0.09000000000000001,0.18000000000000002,0.0004106976048000001,1.0,0.118098,0.18000000000000002,3.188646e-05
D,54,D-054,1,T1566.002,DeskTop OnPremise,0.9,1.35,3,0.4600000000000001,0.4140000000000001,0.5589000000000002,0.5589000000000002,1.0,1.0,0.12150000000000002,0.12150000000000002
D,54,D-054,2,T1578.004,VDI AuthServer,0.18,1.5,4,0.27999999999999997,0.05039999999999999,0.07559999999999999,0.04225284000000001,0.243,0.243,0.026999999999999996,0.0032805
D,54,D-054,3,T1555.006,VDI Server,0.36,1.5,5,0.1,0.036,0.05399999999999999,0.00228165336,0.486,0.118098,0.05399999999999999,0.00017714699999999998
D,54,D-054,4,T1496.001,Business Server OnCloud,0.72,2.0,4,0.27999999999999997,0.20159999999999997,0.40319999999999995,0.000919962634752,1.0,0.118098,0.144,2.5509167999999995e-05
D,55,D-055,1,T1566.002,DeskTop OnPremise,0.9,1.35,3,0.4600000000000001,0.4140000000000001,0.5589000000000002,0.5589000000000002,1.0,1.0,0.12150000000000002,0.12150000000000002
D,55,D-055,2,T1578.004,VDI AuthServer,0.18,1.5,4,0.27999999999999997,0.05039999999999999,0.07559999999999999,0.04225284000000001,0.243,0.243,0.026999999999999996,0.0032805
D,55,D-055,3,T1555.006,VDI Server,0.36,1.5,5,0.1,0.036,0.05399999999999999,0.00228165336,0.486,0.118098,0.05399999999999999,0.00017714699999999998
D,55,D-055,4,T1496.004,Business Server OnCloud,0.18,2.0,4,0.27999999999999997,0.05039999999999999,0.10079999999999999,0.000229990658688,0.324,0.038263752,0.036,6.377291999999999e-06
D,56,D-056,1,T1566.002,DeskTop OnPremise,0.9,1.35,3,0.4600000000000001,0.4140000000000001,0.5589000000000002,0.5589000000000002,1.0,1.0,0.12150000000000002,0.12150000000000002
D,56,D-056,2,T1578.004,VDI AuthServer,0.18,1.5,4,0.27999999999999997,0.05039999999999999,0.07559999999999999,0.04225284000000001,0.243,0.243,0.026999999999999996,0.0032805
D,56,D-056,3,T1555.006,VDI Server,0.36,1.5,5,0.1,0.036,0.05399999999999999,0.00228165336,0.486,0.118098,0.05399999999999999,0.00017714699999999998
D,56,D-056,4,T1496.002,Business Server OnCloud,0.18,2.0,4,0.27999999999999997,0.05039999999999999,0.10079999999999999,0.000229990658688,0.324,0.038263752,0.036,6.377291999999999e-06
D,57,D-057,1,T1566.002,DeskTop OnPremise,0.9,1.35,3,0.4600000000000001,0.4140000000000001,0.5589000000000002,0.5589000000000002,1.0,1.0,0.12150000000000002,0.12150000000000002
D,57,D-057,2,T1578.004,VDI AuthServer,0.18,1.5,4,0.27999999999999997,0.05039999999999999,0.07559999999999999,0.04225284000000001,0.243,0.243,0.026999999999999996,0.0032805
D,57,D-057,3,T1059.009,VDI Server,0.36,1.5,5,0.1,0.036,0.05399999999999999,0.00228165336,0.486,0.118098,0.05399999999999999,0.00017714699999999998
D,57,D-057,4,T1486,Business Server OnCloud,0.9,2.0,5,0.1,0.09000000000000001,0.18000000000000002,0.0004106976048000001,1.0,0.118098,0.18000000000000002,3.188646e-05
D,58,D-058,1,T1566.002,DeskTop OnPremise,0.9,1.35,3,0.4600000000000001,0.4140000000000001,0.5589000000000002,0.5589000000000002,1.0,1.0,0.12150000000000002,0.12150000000000002
D,58,D-058,2,T1578.004,VDI AuthServer,0.18,1.5,4,0.27999999999999997,0.05039999999999999,0.07559999999999999,0.04225284000000001,0.243,0.243,0.026999999999999996,0.0032805
D,58,D-058,3,T1059.009,VDI Server,0.36,1.5,5,0.1,0.036,0.05399999999999999,0.00228165336,0.486,0.118098,0.05399999999999999,0.00017714699999999998
D,58,D-058,4,T1496.001,Business Server OnCloud,0.72,2.0,4,0.27999999999999997,0.20159999999999997,0.40319999999999995,0.000919962634752,1.0,0.118098,0.144,2.5509167999999995e-05
D,59,D-059,1,T1566.002,DeskTop OnPremise,0.9,1.35,3,0.4600000000000001,0.4140000000000001,0.5589000000000002,0.5589000000000002,1.0,1.0,0.12150000000000002,0.12150000000000002
D,59,D-059,2,T1578.004,VDI AuthServer,0.18,1.5,4,0.27999999999999997,0.05039999999999999,0.07559999999999999,0.04225284000000001,0.243,0.243,0.026999999999999996,0.0032805
D,59,D-059,3,T1059.009,VDI Server,0.36,1.5,5,0.1,0.036,0.05399999999999999,0.00228165336,0.486,0.118098,0.05399999999999999,0.00017714699999999998
D,59,D-059,4,T1496.004,Business Server OnCloud,0.18,2.0,4,0.27999999999999997,0.05039999999999999,0.10079999999999999,0.000229990658688,0.324,0.038263752,0.036,6.377291999999999e-06
D,60,D-060,1,T1566.002,DeskTop OnPremise,0.9,1.35,3,0.4600000000000001,0.4140000000000001,0.5589000000000002,0.5589000000000002,1.0,1.0,0.12150000000000002,0.12150000000000002
D,60,D-060,2,T1578.004,VDI AuthServer,0.18,1.5,4,0.27999999999999997,0.05039999999999999,0.07559999999999999,0.04225284000000001,0.243,0.243,0.026999999999999996,0.0032805
D,60,D-060,3,T1059.009,VDI Server,0.36,1.5,5,0.1,0.036,0.05399999999999999,0.00228165336,0.486,0.118098,0.05399999999999999,0.00017714699999999998
D,60,D-060,4,T1496.002,Business Server OnCloud,0.18,2.0,4,0.27999999999999997,0.05039999999999999,0.10079999999999999,0.000229990658688,0.324,0.038263752,0.036,6.377291999999999e-06
D,61,D-061,1,T1566.002,DeskTop OnPremise,0.9,1.35,3,0.4600000000000001,0.4140000000000001,0.5589000000000002,0.5589000000000002,1.0,1.0,0.12150000000000002,0.12150000000000002
D,61,D-061,2,T1578.004,VDI AuthServer,0.18,1.5,4,0.27999999999999997,0.05039999999999999,0.07559999999999999,0.04225284000000001,0.243,0.243,0.026999999999999996,0.0032805
D,61,D-061,3,T1484.002,VDI Server,0.36,1.5,5,0.1,0.036,0.05399999999999999,0.00228165336,0.486,0.118098,0.05399999999999999,0.00017714699999999998
D,61,D-061,4,T1486,Business Server OnCloud,0.9,2.0,5,0.1,0.09000000000000001,0.18000000000000002,0.0004106976048000001,1.0,0.118098,0.18000000000000002,3.188646e-05
D,62,D-062,1,T1566.002,DeskTop OnPremise,0.9,1.35,3,0.4600000000000001,0.4140000000000001,0.5589000000000002,0.5589000000000002,1.0,1.0,0.12150000000000002,0.12150000000000002
D,62,D-062,2,T1578.004,VDI AuthServer,0.18,1.5,4,0.27999999999999997,0.05039999999999999,0.07559999999999999,0.04225284000000001,0.243,0.243,0.026999999999999996,0.0032805
D,62,D-062,3,T1484.002,VDI Server,0.36,1.5,5,0.1,0.036,0.05399999999999999,0.00228165336,0.486,0.118098,0.05399999999999999,0.00017714699999999998
D,62,D-062,4,T1496.001,Business Server OnCloud,0.72,2.0,4,0.27999999999999997,0.20159999999999997,0.40319999999999995,0.000919962634752,1.0,0.118098,0.144,2.5509167999999995e-05
D,63,D-063,1,T1566.002,DeskTop OnPremise,0.9,1.35,3,0.4600000000000001,0.4140000000000001,0.5589000000000002,0.5589000000000002,1.0,1.0,0.12150000000000002,0.12150000000000002
D,63,D-063,2,T1578.004,VDI AuthServer,0.18,1.5,4,0.27999999999999997,0.05039999999999999,0.07559999999999999,0.04225284000000001,0.243,0.243,0.026999999999999996,0.0032805
D,63,D-063,3,T1484.002,VDI Server,0.36,1.5,5,0.1,0.036,0.05399999999999999,0.00228165336,0.486,0.118098,0.05399999999999999,0.00017714699999999998
D,63,D-063,4,T1496.004,Business Server OnCloud,0.18,2.0,4,0.27999999999999997,0.05039999999999999,0.10079999999999999,0.000229990658688,0.324,0.038263752,0.036,6.377291999999999e-06
D,64,D-064,1,T1566.002,DeskTop OnPremise,0.9,1.35,3,0.4600000000000001,0.4140000000000001,0.5589000000000002,0.5589000000000002,1.0,1.0,0.12150000000000002,0.12150000000000002
D,64,D-064,2,T1578.004,VDI AuthServer,0.18,1.5,4,0.27999999999999997,0.05039999999999999,0.07559999999999999,0.04225284000000001,0.243,0.243,0.026999999999999996,0.0032805
D,64,D-064,3,T1484.002,VDI Server,0.36,1.5,5,0.1,0.036,0.05399999999999999,0.00228165336,0.486,0.118098,0.05399999999999999,0.00017714699999999998
D,64,D-064,4,T1496.002,Business Server OnCloud,0.18,2.0,4,0.27999999999999997,0.05039999999999999,0.10079999999999999,0.000229990658688,0.324,0.038263752,0.036,6.377291999999999e-06
